"state","primary","actual","averaged","median","actual_pct","averaged_pct","median_pct"
"Al Qadarif",2879480.04089389,2974889.33995191,2617219.54219605,2715166.38688641,3.3,-9.1,-5.7
"Khartoum",2698474.09168163,7748481.11463738,4214288.18803911,3196445.478734,187.1,56.2,18.5
"Sennar",1708991.03648843,1979548.38864217,1654410.29513614,1582441.84145263,15.8,-3.2,-7.4
"Al Jazirah",1353699.47189395,2766680.07888975,1901444.67356696,1373565.72223949,104.4,40.5,1.5
"Kassala",1140169.42039506,1851253.51357752,1304905.5413759,1132484.90487303,62.4,14.4,-0.7
"White Nile",1108575.98454193,1761222.56980034,1357383.2581774,1069385.14361105,58.9,22.4,-3.5
"Blue Nile",1054912.58220973,1107463.34868232,980184.197295409,1040986.27019839,5,-7.1,-1.3
"West Kurdufan",791512.502328925,787702.627756515,928344.239792851,772964.365385249,-0.5,17.3,-2.3
"South Kurdufan",567464.74797041,541249.268324958,679905.140176787,592239.244487356,-4.6,19.8,4.4
"South Darfur",531405.454147364,1300135.71245841,928255.67286962,592158.509149459,144.7,74.7,11.4
"East Darfur",347725.05132549,477290.109857089,495976.526692523,350723.351976594,37.3,42.6,0.9
"North Kurdufan",311826.362912031,591264.50689052,496957.287539919,326947.567915157,89.6,59.4,4.8
"River Nile",161216.381201027,493780.054749614,365077.907812713,239077.363039505,206.3,126.5,48.3
"Red Sea",159808.543799716,745741.349680739,383169.170447599,248805.456923424,366.6,139.8,55.7
"North Darfur",131304.567574006,299656.016767577,275132.047644175,162413.193959279,128.2,109.5,23.7
"West Darfur",112879.838828673,235518.386609399,213540.614314698,132948.118707724,108.6,89.2,17.8
"Central Darfur",83207.947714637,118821.187531911,167327.20703668,107001.250865928,42.8,101.1,28.6
"Northern",16385.7260048576,16285.7719401534,57120.2002239962,32088.990907507,-0.6,248.6,95.8
