"fc","rm","cbi","cbi_sd","auc"
"L",0.5,0.808,0.0733348484691964,0.90733170956413
"LQ",0.5,NA,NA,NA
"LQH",0.5,0.5995,0.328485920550638,0.92450743324111
"LQHP",0.5,0.6155,0.214987596541444,0.917706564848691
"L",1,0.81575,0.0740512210117655,0.907391820647061
"LQ",1,NA,NA,NA
"LQH",1,0.53075,0.48621077391052,0.92584313773284
"LQHP",1,0.5195,0.510313302459055,0.923787799400242
"L",1.5,0.8245,0.0738354025293197,0.907420969253688
"LQ",1.5,0.8065,0.114677809536109,0.904924737373075
"LQH",1.5,0.55375,0.456588344865117,0.92483005519184
"LQHP",1.5,0.54525,0.549287037895489,0.923921993149246
"L",2,0.831,0.0723279567894278,0.90741881473486
"LQ",2,0.808,0.102081666653061,0.904796016061135
"LQH",2,0.58,0.476567588770645,0.92399480648875
"LQHP",2,0.57525,0.539574755401572,0.923741805340783
"L",2.5,0.83425,0.0805289802907417,0.907387208726178
"LQ",2.5,0.84175,0.0772112901934253,0.904707019030507
"LQH",2.5,0.61775,0.478070688636454,0.923280156242048
"LQHP",2.5,0.60725,0.533053702735475,0.92318128133347
"L",3,0.835,0.088540009788419,0.907374586146901
"LQ",3,0.83175,0.0853946719649417,0.905003002438073
"LQH",3,0.61525,0.466076084632828,0.922088238211211
"LQHP",3,0.6005,0.476412636272381,0.921948283757961
"L",3.5,0.832,0.0848763806956918,0.907282595738737
"LQ",3.5,0.8485,0.0834525813461353,0.905333438919256
"LQH",3.5,0.657,0.366570593474163,0.9210599636147
"LQHP",3.5,0.60975,0.452666451889983,0.921253992921589
"L",4,0.8285,0.0916387836380791,0.907283762523748
"LQ",4,0.83775,0.091743755464155,0.90568207917221
"LQH",4,0.6595,0.351589248982389,0.920004475529202
"LQHP",4,0.643,0.421758224578964,0.920594575511899
"L",5,0.827,0.114423191122546,0.907284113599647
"LQ",5,0.832,0.104785495179438,0.906135904940335
"LQH",5,0.66875,0.314522256764128,0.917235594366103
"LQHP",5,0.63725,0.426521882986872,0.918307290665533
"L",6,0.839,0.0859340832654115,0.907212768961422
"LQ",6,0.838,0.0897440805847383,0.905986851753475
"LQH",6,0.72,0.30379049798614,0.914359542742271
"LQHP",6,0.63025,0.43777724548755,0.915608595941037
"L",8,0.8395,0.105307486280258,0.906641887659466
"LQ",8,0.84275,0.101246810649357,0.905378345081474
"LQH",8,0.7185,0.313877364586872,0.908518180632123
"LQHP",8,0.66,0.428705804330507,0.910078557901601
