"scope","variable","mean","sd","primary_mean"
"All Sudan","slope",0.00118427569008701,0.000778236352155177,0.00405631067961407
"All Sudan","river_dist",0.00127569203160866,0.000270360744304073,0.00169607766990344
"All Sudan","vertisols",0.000960483358805229,0.000578918114585257,0.00263900970873859
"All Sudan","lst_night",0.0832725380027445,0.00932758585527056,0.133674407766992
"All Sudan","rainfall",0.127402363967933,0.01209122446522,0.227859126213589
"All Sudan","travel_time",0.101004239682887,0.015921361309155,NA
"Within >= 150 mm","slope",0.00115439653236021,0.00106774244299219,0.00340998527417544
"Within >= 150 mm","river_dist",0.00258088804213034,0.000521112829290242,0.00311056016373152
"Within >= 150 mm","vertisols",0.00235288734327841,0.00146216818714454,0.00517292444903038
"Within >= 150 mm","lst_night",0.132786467216322,0.0133302663727395,0.208625111275655
"Within >= 150 mm","rainfall",0.0701243583450506,0.0124371358606381,0.105226003976804
"Within >= 150 mm","travel_time",0.0897843956171937,0.0109951814454364,NA
