"state","total_pop","arp_weighted","arp_p10","arp_maxsss","arp_outside_range","rw_LQHP_rm_4","rw_LQHP_rm_8","rw_LQH_rm_4","n_presences","pct_weighted","pct_outside_range","rw_LQHP_rm_8_pct_change","rw_LQH_rm_4_pct_change"
"Al Qadarif",3462249.60025557,2879480.04089389,3455491.2613227,3310673.41208437,87867.5460738732,2879480.04089389,2822145.95554805,2881065.47570879,77,83.2,3.1,-2,0.1
"Khartoum",10664712.3897951,2698474.09168163,7383736.1785969,495976.645637751,476587.067735565,2698474.09168163,3312774.62147542,3027733.56347038,5,25.3,17.7,22.8,12.2
"Sennar",2667210.27128445,1708991.03648843,2638194.93290583,2059753.79341872,85197.312754201,1708991.03648843,1672912.88434294,1729076.53316836,7,64.1,5,-2.1,1.2
"Al Jazirah",5630168.94646485,1353699.47189395,3158770.21812396,421827.209786008,21170.8737855675,1353699.47189395,1468539.8842391,1854263.57053518,3,24,1.6,8.5,37
"Kassala",2500133.49374338,1140169.42039506,2371561.54881688,1150124.74517424,55251.1998907763,1140169.42039506,1184988.78910349,1559657.02038063,0,45.6,4.8,3.9,36.8
"White Nile",3194193.09779445,1108575.98454193,2510291.55826605,863880.970958714,42700.416897935,1108575.98454193,1143569.57610695,1355413.54848932,3,34.7,3.9,3.2,22.3
"Blue Nile",1245809.07697372,1054912.58220973,1243935.59030849,1219434.41097926,32286.7985915036,1054912.58220973,1059107.09905448,1022642.61367776,0,84.7,3.1,0.4,-3.1
"West Kurdufan",2445405.47790527,791512.502328925,1264904.25673007,807178.88027825,6430.26171837125,791512.502328925,785866.225754137,754460.153144296,1,32.4,0.8,-0.7,-4.7
"South Kurdufan",1472685.11925319,567464.74797041,968372.570875492,474469.387330958,86263.7287646061,567464.74797041,593561.77993202,527484.843377597,1,38.5,15.2,4.6,-7
"South Darfur",4508360.51375973,531405.454147364,522544.808233714,1175.8533658029,23625.7548238484,531405.454147364,575154.075789913,480131.022078954,1,11.8,4.4,8.2,-9.6
"East Darfur",1707001.96527777,347725.05132549,784803.289788424,88360.5003343774,27583.604424397,347725.05132549,351153.489392715,312748.363950346,0,20.4,7.9,1,-10.1
"North Kurdufan",2194667.98601751,311826.362912031,549294.677209478,23143.4677066243,24385.3054601964,311826.362912031,326267.251684237,368440.353747627,0,14.2,7.8,4.6,18.2
"River Nile",1675125.59288139,161216.381201027,175731.031946979,379.689211043413,137481.817904431,161216.381201027,248809.784598717,174532.781461886,0,9.6,85.3,54.3,8.3
"Red Sea",1565548.72310874,159808.543799716,26425.0352610022,5569.29735300033,155502.868903849,159808.543799716,241141.685546427,147842.573034286,0,10.2,97.3,50.9,-7.5
"North Darfur",2481011.12793692,131304.567574006,23772.7056384725,0.343997448682785,25858.6723536325,131304.567574006,153711.597927523,137253.713843637,5,5.3,19.7,17.1,4.5
"West Darfur",1304809.17416667,112879.838828673,115084.729834888,86.6759040653706,31194.4512367713,112879.838828673,127063.906628425,93725.4719160949,0,8.7,27.6,12.6,-17
"Central Darfur",982386.075599949,83207.947714637,98404.5699362705,2015.3435212702,26070.2184599548,83207.947714637,100874.464464643,74434.0902444964,0,8.5,31.3,21.2,-10.5
"Northern",1126681.5383448,16385.7260048576,1.45823403820395,0,16379.2165437092,16385.7260048576,29826.8037442968,11689.1244220131,0,1.5,100,82,-28.7
