"state","primary","fixed","tuned","fixed_pct","tuned_pct"
"Al Qadarif",2879480.04185409,2776326.02610239,2697771.46890023,-3.6,-6.3
"Khartoum",2698474.09133888,5862389.76124155,6686762.39227448,117.2,147.8
"Sennar",1708991.0328352,1616554.32577532,1579204.29786204,-5.4,-7.6
"Al Jazirah",1353699.47234685,1572016.46322742,1695801.83772337,16.1,25.3
"Kassala",1140169.42135029,1441405.63089118,1482775.18310657,26.4,30
"White Nile",1108575.98375838,1247587.2113275,1291962.68500843,12.5,16.5
"Blue Nile",1054912.58177488,1005213.36602892,982871.971032395,-4.7,-6.8
"West Kurdufan",791512.503252066,711516.359481209,705992.168161899,-10.1,-10.8
"South Kurdufan",567464.749288018,510681.333995715,520277.119131898,-10,-8.3
"South Darfur",531405.453582936,454008.314882997,496532.520842564,-14.6,-6.6
"East Darfur",347725.05091908,295797.096800502,304163.810843969,-14.9,-12.5
"North Kurdufan",311826.36296143,342753.838994641,363543.376641465,9.9,16.6
"River Nile",161216.380911194,599876.034522323,753382.798411675,272.1,367.3
"Red Sea",159808.544158788,718572.012813178,881734.248998973,349.6,451.7
"North Darfur",131304.567750249,137734.737900171,163188.966712536,4.9,24.3
"West Darfur",112879.839096917,88939.7802010997,101520.432802048,-21.2,-10.1
"Central Darfur",83207.9476677521,66672.7067658219,80112.7372885984,-19.9,-3.7
"Northern",16385.7260073665,111313.952285246,148229.156158243,579.3,804.6
