"fc","rm","cbi","cbi_sd","auc","n_cbi","cbi_wet","cbi_wet_sd","auc_wet"
"L",0.5,0.753,0.0922062904578641,0.825314303351014,4,0.7435,0.104468496048649,0.819945597261868
"LQ",0.5,0.6365,0.0965142476528725,0.821042741904975,4,0.66825,0.0776503917139723,0.822231743158647
"LQH",0.5,0.64525,0.268326138619902,0.818687729968233,4,0.73875,0.0882359526119219,0.819377473599649
"LQHP",0.5,0.6885,0.171787659626645,0.810062903593486,4,0.7415,0.103722385883344,0.8105549024935
"L",1,0.74825,0.0941324421581989,0.825385856977951,4,0.74425,0.101177649046944,0.820095412365827
"LQ",1,0.653,0.124432043032867,0.820578513131879,4,0.68,0.0915132048759449,0.820192723589818
"LQH",1,0.7205,0.15909012121017,0.822410700787204,4,0.7815,0.0427746030567984,0.822881103477287
"LQHP",1,0.69675,0.147325885935455,0.81821214576265,4,0.769,0.0645652125115891,0.817800953830887
"L",1.5,0.7445,0.0664053210719342,0.825708251360953,4,0.73925,0.0780656774773652,0.82052963642574
"LQ",1.5,0.7095,0.0856718545770235,0.820462317055192,4,0.726,0.0610136596727869,0.819601083463596
"LQH",1.5,0.706,0.190380321111891,0.822640759502726,4,0.764,0.100925715256321,0.823052842299528
"LQHP",1.5,0.7005,0.210067449485477,0.821434718552617,4,0.768,0.128543118576349,0.821383825042731
"L",2,0.74525,0.0755044148819568,0.825776024242833,4,0.739,0.0909468709375608,0.820687368783683
"LQ",2,0.77,0.0839563378588339,0.820493898893485,4,0.7725,0.0862264460591992,0.819093668554663
"LQH",2,0.671,0.183586491877807,0.821402544949528,4,0.73375,0.114132598323178,0.821409407385109
"LQHP",2,0.647,0.162857811193282,0.821613264238125,4,0.72025,0.0995904111850132,0.821414923058045
"L",2.5,0.763,0.0850215658916411,0.825914393097287,4,0.757,0.102375127187548,0.820874178736631
"LQ",2.5,0.76375,0.0986724378942772,0.820979379132142,4,0.77125,0.0961574230103948,0.819125508272894
"LQH",2.5,0.67525,0.177946387057076,0.819745278163115,4,0.74125,0.0634789991519505,0.819379542608973
"LQHP",2.5,0.66325,0.103709128495679,0.821477336905175,4,0.69875,0.0681878532682569,0.820566183214689
"L",3,0.74875,0.0884359466883612,0.826021233489523,4,0.739,0.109114618635635,0.821036811625699
"LQ",3,0.7505,0.10780383419279,0.821417251981852,4,0.766,0.114501819490638,0.819213787212012
"LQH",3,0.69925,0.148007601156157,0.820210244998817,4,0.74775,0.0635472265327134,0.819289546734747
"LQHP",3,0.6935,0.0995372627043092,0.820746470412361,4,0.71325,0.0837630586834077,0.819325173585498
"L",3.5,0.74575,0.0854336974891446,0.825946094005097,4,0.72825,0.109539566671896,0.821041234607179
"LQ",3.5,0.7835,0.0705903676148524,0.822111354118448,4,0.794,0.072069410986909,0.819259459968777
"LQH",3.5,0.7345,0.113661778976048,0.820653748705315,4,0.7625,0.0663601285913964,0.819073358786843
"LQHP",3.5,0.725,0.135151766544134,0.82156002698035,4,0.75725,0.110113199329902,0.819780492829651
"L",4,0.776,0.0783624059525144,0.825935114731492,4,0.7675,0.0780790198025906,0.821100511926489
"LQ",4,0.78225,0.0598797405917338,0.822785452366252,4,0.781,0.0882194234092848,0.81944391655603
"LQH",4,0.7775,0.091507741020455,0.820767111745809,4,0.7915,0.077822447489997,0.818825168350886
"LQHP",4,0.77225,0.144370761121034,0.821776650227292,4,0.80175,0.113155865954885,0.819760171374883
"L",5,0.76275,0.0733274618861628,0.826182353535536,4,0.75775,0.0749327476252317,0.821409000840128
"LQ",5,0.794,0.0535350352572967,0.824114420001932,4,0.796,0.0589745707911469,0.820149522778512
"LQH",5,0.81125,0.0547562781788536,0.82182543515277,4,0.81825,0.0664247694764536,0.819336098207557
"LQHP",5,0.77825,0.0988074727268473,0.822067085061589,4,0.79925,0.0986318913942139,0.819053870877932
"L",6,0.77925,0.0653879448624387,0.826600271466654,4,0.78,0.0489148920745683,0.821941920356394
"LQ",6,0.77825,0.0751947471569657,0.824770678319916,4,0.771,0.0652329160265991,0.820186869714196
"LQH",6,0.7955,0.0536563137011853,0.822964340497713,4,0.799,0.0456289381861993,0.819788472386583
"LQHP",6,0.80825,0.0523537645892506,0.822962250651179,4,0.81775,0.0512989603533379,0.819359237271556
"L",8,0.769,0.0655489638870567,0.826657579027086,4,0.772,0.0401081870279207,0.822302475594102
"LQ",8,0.79425,0.08316800266128,0.824953262829076,4,0.7965,0.0593211597998556,0.820514613399561
"LQH",8,0.79425,0.08316800266128,0.824953262829076,4,0.7965,0.0593211597998556,0.820514613399561
"LQHP",8,0.8225,0.0526149535145032,0.824876947778165,4,0.82425,0.0451174393481427,0.819951143270365
