"model","variable","peak_x","peak_suit","min_suit","rise_10","rise_50","rise_90","fall_90","fall_50","fall_10"
"primary","lst_night",26.9258046044175,1,0.000841017603616767,19.1659728876943,21.8094320439407,23.4296166880916,27.4374418604651,27.4374418604651,27.4374418604651
"primary","rainfall",894.540985457861,0.907273769295233,0.0225663968038923,121.293692943439,348.719367212387,621.630176335124,1159.87093877163,1281.16463171507,1425.20089208541
"primary","river_dist",19282.1060181585,0.959318390365743,0.794311601008111,158.395679165765,158.395679165765,158.395679165765,19282.1060181585,19282.1060181585,19282.1060181585
"primary","slope",0,0.82123202099708,0.247090332734232,0,0,0,15.1223678588867,26.8464508056641,33.8129348754883
"fixed","lst_night",27.0963503564334,0.999999999967132,0.000699089492421479,19.5070643917261,22.1505235479724,23.6854353161155,27.4374418604651,27.4374418604651,27.4374418604651
"fixed","rainfall",1197.77521781646,0.945096252601316,0.196170978473638,0,341.138511403422,780.828148323387,1296.326343333,1508.59030598402,1508.59030598402
"fixed","river_dist",19282.1060181585,0.950341059634797,0.728035524139036,158.395679165765,158.395679165765,11978.578451508,19282.1060181585,19282.1060181585,19282.1060181585
"fixed","slope",0,0.749251643198167,0.448104368773124,0,0,0,18.5206527709961,33.8129348754883,33.8129348754883
"tuned","lst_night",27.0963503564334,0.999999999999811,0.00180347018584615,18.9954271356784,21.9799777959566,23.7707081921234,27.4374418604651,27.4374418604651,27.4374418604651
"tuned","rainfall",1205.35607362542,0.997179469306409,0.294519958288371,0,333.557655594457,818.732427368212,1508.59030598402,1508.59030598402,1508.59030598402
"tuned","river_dist",16591.3327041294,0.844447637156268,0.725477959114392,158.395679165765,158.395679165765,4675.05088485751,19282.1060181585,19282.1060181585,19282.1060181585
"tuned","slope",0,0.775434488660489,0.402514475302829,0,0,0,6.45674133300781,33.8129348754883,33.8129348754883
