"state","uniform","half","matched","half_pct","matched_pct"
"Al Qadarif",2879480.04185409,2789234.05523301,2676781.28943742,-3.1,-7
"Khartoum",2698474.09133888,2687914.65192421,1948506.46377055,-0.4,-27.8
"Sennar",1708991.0328352,1613643.46507475,1454962.24017741,-5.6,-14.9
"Al Jazirah",1353699.47234685,1156159.60706056,894652.709306212,-14.6,-33.9
"Kassala",1140169.42135029,968694.517241175,696176.232038076,-15,-38.9
"White Nile",1108575.98375838,959835.8261375,760677.785756763,-13.4,-31.4
"Blue Nile",1054912.58177488,1053346.21182116,1059520.68714914,-0.1,0.4
"West Kurdufan",791512.503252066,750305.907048179,725896.715290846,-5.2,-8.3
"South Kurdufan",567464.749288018,591993.280942455,604132.6333622,4.3,6.5
"South Darfur",531405.453582936,522949.028121979,496298.293567828,-1.6,-6.6
"East Darfur",347725.05091908,328332.604482331,306820.107878844,-5.6,-11.8
"North Kurdufan",311826.36296143,289277.675062298,270407.303836686,-7.2,-13.3
"River Nile",161216.380911194,179804.425232159,150150.562749017,11.5,-6.9
"Red Sea",159808.544158788,184001.096586957,158029.550612023,15.1,-1.1
"North Darfur",131304.567750249,124708.506478127,109235.210036667,-5,-16.8
"West Darfur",112879.839096917,117464.229075573,119218.516832623,4.1,5.6
"Central Darfur",83207.9476677521,90940.9608624899,101205.50912962,9.3,21.6
"Northern",16385.7260073665,21953.2014778342,24649.0035858711,34,50.4
