"state","primary","precision","facility","khartoum","central_cities","id_121","n_presences","precision_pct","facility_pct","khartoum_pct","central_cities_pct","id_121_pct"
"Al Qadarif",2879480.04185409,2909498.62598292,2914605.67078404,2844309.99206549,2812829.48561299,2875240.68712706,77,1,1.2,-1.2,-2.3,-0.1
"Khartoum",2698474.09133888,2600154.56717736,3754390.57697641,1773390.62817877,1687435.87764463,2448971.66052036,5,-3.6,39.1,-34.3,-37.5,-9.2
"Sennar",1708991.0328352,1752413.18838662,1840164.15657845,1676629.30855341,1616255.3528623,1697207.10290518,7,2.5,7.7,-1.9,-5.4,-0.7
"Al Jazirah",1353699.47234685,1700290.92119417,2112944.70240385,1254875.42257275,1125363.75650757,1384032.38851272,3,25.6,56.1,-7.3,-16.9,2.2
"Kassala",1140169.42135029,1359951.16318727,1598973.47692556,972773.052711327,895377.136313924,1187726.22602445,0,19.3,40.2,-14.7,-21.5,4.2
"White Nile",1108575.98375838,1286229.30769527,1496336.57065319,1024321.50411712,950696.618539613,1127758.19990812,3,16,35,-7.6,-14.2,1.7
"Blue Nile",1054912.58177488,1046808.06049519,1055653.22091739,1034726.09003469,1022359.15834454,1050804.8362737,0,-0.8,0.1,-1.9,-3.1,-0.4
"West Kurdufan",791512.503252066,817819.928539414,842192.954084784,765745.404230225,721447.092380056,789784.311684575,1,3.3,6.4,-3.3,-8.9,-0.2
"South Kurdufan",567464.749288018,552643.456251884,540184.560529145,566253.613226897,538062.736217525,561207.56369015,1,-2.6,-4.8,-0.2,-5.2,-1.1
"South Darfur",531405.453582936,562902.866931529,591167.214397713,515431.282051291,448363.969215095,528145.910953596,1,5.9,11.2,-3,-15.6,-0.6
"East Darfur",347725.05091908,359824.845750769,382128.103315639,335718.263065175,300798.687707305,343605.770323106,0,3.5,9.9,-3.5,-13.5,-1.2
"North Kurdufan",311826.36296143,369334.833194672,397373.738719571,289002.250489447,264314.809021206,308708.394406166,0,18.4,27.4,-7.3,-15.2,-1
"River Nile",161216.380911194,140378.157577269,239849.618186907,99447.6292303058,94913.1491308239,132707.344456431,0,-12.9,48.8,-38.3,-41.1,-17.7
"Red Sea",159808.544158788,127406.806724103,213950.993404908,96446.2055279092,87569.0504268283,133558.1451718,0,-20.3,33.9,-39.6,-45.2,-16.4
"North Darfur",131304.567750249,141248.657419205,168158.049139062,110523.131357811,92374.4821319825,123993.907350321,5,7.6,28.1,-15.8,-29.6,-5.6
"West Darfur",112879.839096917,114453.853774932,111003.463785129,110272.11024169,96455.5460130372,110727.046629681,0,1.4,-1.7,-2.3,-14.6,-1.9
"Central Darfur",83207.9476677521,84988.6012596556,84290.5175623746,81901.7101323262,72682.7271462479,81014.0368573392,0,2.1,1.3,-1.6,-12.6,-2.6
"Northern",16385.7260073665,11337.1652745908,19664.9911212217,9467.8973067641,8622.58834108452,12201.4899771085,0,-30.8,20,-42.2,-47.4,-25.5
