"surface","darfur_median","darfur_max","rest_median","rest_p10","gap_holds"
"primary",0.032928328961134,0.188150405883789,0.88688063621521,0.400649398565292,TRUE
"dq_precision",0.0382316038012505,0.215156450867653,0.892586290836334,0.469970059394837,TRUE
"dq_facility",0.0466723293066025,0.240339651703835,0.8841233253479,0.501384007930756,TRUE
"dq_khartoum",0.0249777771532536,0.17470283806324,0.873921930789948,0.389383292198181,TRUE
"dq_central_cities",0.0213855467736721,0.15638130903244,0.866441786289215,0.353366231918335,TRUE
"dq_id_121",0.031696617603302,0.194690972566605,0.883029460906982,0.406312519311905,TRUE
"bias_half",0.0301100313663483,0.168640658259392,0.874875605106354,0.35960585474968,TRUE
"bias_matched",0.0262801181524992,0.135631650686264,0.90028440952301,0.270940792560577,TRUE
"var_primary_tuned",0.0421126782894135,0.189939320087433,0.87715619802475,0.417455059289932,TRUE
"var_lst_dry_fixed",0.0251308605074883,0.168120488524437,0.853864789009094,0.430399662256241,TRUE
"var_lst_dry_tuned",0.0243074055761099,0.15946926176548,0.83933687210083,0.466636854410172,TRUE
"var_lst_wet_fixed",0.102818362414837,0.239920452237129,0.850696980953217,0.485805433988571,TRUE
"var_lst_wet_tuned",0.12498601526022,0.247206434607506,0.887020945549011,0.464963752031326,TRUE
"var_ndvi_for_rain_fixed",0.0506252609193325,0.141907528042793,0.852618992328644,0.510701870918274,TRUE
"var_ndvi_for_rain_tuned",0.0333958715200424,0.105967029929161,0.861732125282288,0.519541025161743,TRUE
"var_plus_lst_day_fixed",0.025704612955451,0.0898346826434135,0.941491007804871,0.194279989600182,TRUE
"var_plus_lst_day_tuned",0.0559183582663536,0.0928042083978653,0.933719992637634,0.23474126458168,TRUE
"var_plus_treecover_fixed",0.0335295684635639,0.182164043188095,0.918401956558228,0.37743347287178,TRUE
"var_plus_treecover_tuned",0.0314911864697933,0.161636427044868,0.915054619312286,0.416226744651794,TRUE
"var_plus_elevation_fixed",0.0481120869517326,0.258864283561707,0.925853669643402,0.236262854933739,TRUE
"var_plus_elevation_tuned",0.0581021718680859,0.247040525078773,0.918374836444855,0.309622293710709,TRUE
"var_minus_river_fixed",0.0335982479155064,0.194293230772018,0.887326538562775,0.409957218170166,TRUE
"var_minus_river_tuned",0.0358048491179943,0.193495392799377,0.886300086975098,0.409443598985672,TRUE
"ttcov_averaged",0.0774398222565651,0.284000933170319,0.806029796600342,0.489715498685837,TRUE
