"fc","rm","n_folds","n_cbi","auc.val.avg","auc.val.sd","cbi.val.avg","cbi.val.sd","or.10p.avg","or.10p.sd","cbi_wet.avg","cbi_wet.sd"
"L",0.5,4,4,0.882843837789963,0.0709900891187773,0.663,0.0554196114505807,0.157608695652174,0.236397425770995,0.62875,0.078788218239362
"L",1,4,4,0.88295030337785,0.0711031657557157,0.696,0.0515687243717869,0.157608695652174,0.236397425770995,0.648,0.0945691986501595
"L",1.5,4,4,0.883016154622828,0.071130632832655,0.696,0.0567509177605672,0.157608695652174,0.236397425770995,0.663,0.0812362808930427
"L",2,4,4,0.883032784956309,0.0712592753885622,0.68725,0.0714580296397823,0.170108695652174,0.260618085307628,0.65625,0.112307242271666
"L",2.5,4,4,0.88309217813766,0.071333561748394,0.69775,0.0751326604524734,0.170108695652174,0.260618085307628,0.65525,0.101614877519649
"L",3,4,4,0.883149760390219,0.0713931863200637,0.71225,0.085089658596095,0.170108695652174,0.260618085307628,0.6725,0.122271555700144
"L",3.5,4,4,0.883183392857186,0.0714234993476248,0.7295,0.121546973087225,0.170108695652174,0.260618085307628,0.6905,0.150311897954442
"L",4,4,4,0.883251380357975,0.071437524782351,0.7425,0.11827228472188,0.170108695652174,0.260618085307628,0.69,0.168981261288542
"L",5,4,4,0.883215648947548,0.0714507850247461,0.76125,0.102490243438095,0.170108695652174,0.260618085307628,0.70225,0.165952553460319
"L",6,4,4,0.883429306380439,0.0713647157691091,0.76375,0.110909497639592,0.182608695652174,0.284973384489982,0.7085,0.178744696891031
"L",8,4,4,0.88336848712514,0.0713807938738003,0.7775,0.0880814017448254,0.182608695652174,0.284973384489982,0.7355,0.162173775109705
"LQ",0.5,4,4,0.897886995538487,0.071049571930023,0.7355,0.137221232565032,0.195108695652174,0.309431532565664,0.7395,0.108180404879997
"LQ",1,4,4,0.896327960845122,0.0709579262688641,0.7645,0.106440906923357,0.207608695652174,0.333969934012325,0.78025,0.0765566239241691
"LQ",1.5,4,4,0.895183195795694,0.0704600176684195,0.79325,0.128603719490016,0.195108695652174,0.309431532565664,0.80325,0.100214353596013
"LQ",2,4,4,0.893882076444623,0.0701510735728453,0.80925,0.151919660786,0.195108695652174,0.309431532565664,0.82575,0.108871101154837
"LQ",2.5,4,4,0.892365654695011,0.0697004706272642,0.80875,0.154653106445792,0.195108695652174,0.309431532565664,0.81975,0.113479440134913
"LQ",3,4,4,0.89128345546799,0.0692039568187294,0.78775,0.156517038476114,0.195108695652174,0.309431532565664,0.80325,0.101032585502566
"LQ",3.5,4,4,0.890396597743863,0.0684134908345572,0.76775,0.144079549786452,0.195108695652174,0.309431532565664,0.7705,0.111021019030932
"LQ",4,4,4,0.889514001557737,0.0675960489531114,0.77,0.0801457006540796,0.195108695652174,0.309431532565664,0.74,0.0949982455978355
"LQ",5,4,4,0.888196726547705,0.0667109319766349,0.7765,0.0784198104222821,0.182608695652174,0.284973384489982,0.741,0.121920739280348
"LQ",6,4,4,0.887290577655399,0.0669200270826295,0.7525,0.0909157118801072,0.170108695652174,0.260618085307628,0.71,0.117339961933975
"LQ",8,4,4,0.885269197401452,0.0680795148921255,0.7525,0.0865890678242159,0.170108695652174,0.260618085307628,0.7325,0.1469478365498
"LQH",0.5,4,4,0.895206631612078,0.0628334437309259,0.762,0.146483218606547,0.215422933694443,0.259447731567863,0.76025,0.129813648486333
"LQH",1,4,4,0.896526895963339,0.0661490729940118,0.7855,0.105531985672591,0.219302244039271,0.292406440927965,0.76025,0.110768151258985
"LQH",1.5,4,4,0.896317162534416,0.067036086674142,0.80025,0.100164448117417,0.219302244039271,0.292406440927965,0.769,0.107368524251756
"LQH",2,4,4,0.89537377637502,0.0679354951578088,0.71775,0.163124441250639,0.211237727910238,0.297315798800291,0.70175,0.165578531217063
"LQH",2.5,4,4,0.895151477667182,0.0673336159319291,0.77975,0.0735272058492637,0.215673211781206,0.327614650730814,0.7615,0.0784410606761535
"LQH",3,4,4,0.894745343525636,0.0675053981635439,0.7815,0.0689565080322373,0.215673211781206,0.327614650730814,0.75775,0.0372144685124841
"LQH",3.5,4,4,0.894359786799691,0.0676189200418777,0.81625,0.0743028711872339,0.215673211781206,0.327614650730814,0.815,0.0427629122799964
"LQH",4,4,4,0.893977406672794,0.0675819905698535,0.81375,0.0878915050881863,0.215673211781206,0.327614650730814,0.8275,0.0676288892904997
"LQH",5,4,4,0.893643331808896,0.0677616120375403,0.8355,0.0562049819855856,0.190673211781206,0.278465270411866,0.8185,0.032005207909547
"LQH",6,4,4,0.893634463210375,0.0661719134979458,0.82,0.0490441977539987,0.178173211781206,0.254015118746098,0.79775,0.050723925978444
"LQH",8,4,4,0.893718104591413,0.0638924176559266,0.8125,0.078049129826454,0.178173211781206,0.254015118746098,0.77325,0.0419712202983584
"LQHP",0.5,4,4,0.893395759928202,0.0580636104535409,0.7265,0.125988094675648,0.215422933694443,0.259447731567863,0.71425,0.124999666666222
"LQHP",1,4,4,0.895070542739757,0.0639842541605793,0.793,0.0922966232679542,0.206802244039271,0.267899113157924,0.77325,0.094160766776827
"LQHP",1.5,4,4,0.896122393955258,0.0654079561220287,0.81325,0.125929543793345,0.219302244039271,0.292406440927965,0.79625,0.125329898002565
"LQHP",2,4,4,0.896335340171976,0.0662050636976422,0.768,0.15014437496401,0.211237727910238,0.297315798800291,0.75775,0.141841167037876
"LQHP",2.5,4,4,0.895908472140858,0.0665324971728992,0.774,0.105036501591907,0.203173211781206,0.303005170087102,0.76475,0.085644128033781
"LQHP",3,4,4,0.895710517713683,0.0665549590705581,0.8005,0.0912962211704296,0.215673211781206,0.327614650730814,0.78625,0.0712337700813315
"LQHP",3.5,4,4,0.895760982834349,0.0670482903711914,0.83475,0.0795335359036258,0.215673211781206,0.327614650730814,0.819,0.0630713881248859
"LQHP",4,4,4,0.895647070787368,0.0672246755830543,0.8745,0.0776852624376078,0.215673211781206,0.327614650730814,0.86125,0.0870493155247836
"LQHP",5,4,4,0.89561306691029,0.066574158653754,0.86975,0.0707407237735097,0.190673211781206,0.278465270411866,0.857,0.0556297282634624
"LQHP",6,4,4,0.895893614104226,0.0651644036291718,0.86275,0.0731362883025019,0.190673211781206,0.278465270411866,0.8365,0.074942199949917
"LQHP",8,4,4,0.896418851080474,0.0627968128423279,0.87675,0.0805662253470191,0.178173211781206,0.254015118746098,0.819,0.111579568022107
