"state","full","common_wo1","common_wo2","common_wo3","common_wo4","own_wo1","own_wo2","own_wo3","own_wo4","suit_area","sd_area","sd_pop"
"Al Qadarif",2879480.04089389,1.29867971995579,2.62396727231848,-4.38297828898467,-1.59623769350611,3.33892862752299,-2.76000589104778,1.02769844897705,2.51943271302031,0.614663937921162,0.0793467310149643,0.0578453236897997
"Khartoum",2698474.09168163,13.9484224270884,0.88713772998783,-8.69937314060035,9.16670090604941,31.9018636774608,-26.4985791616256,45.3038652513267,43.2150159033211,0.243757577420942,0.0939252372788185,0.0925259132561987
"Sennar",1708991.03648843,-1.64520701641587,3.05505048213774,2.93483758729618,-1.52036210256993,4.30123410560384,-6.68165255543431,15.5571885802028,8.78649583303732,0.680693295440931,0.0762206776832142,0.0807916228227752
"Al Jazirah",1353699.47189395,5.61891571164925,-19.7133209498251,49.483652223301,22.8688303118544,20.4725310799437,-45.1808139859415,106.79103465463,56.1557959794514,0.19203637334443,0.151494280911417,0.161968233132104
"Kassala",1140169.42039506,18.5226792436201,-17.8864533018707,28.1480311209146,33.5361484599812,28.1220525902056,-33.65740715563,49.4782289024167,48.0162719529005,0.304779939103491,0.130079443016162,0.187609463311345
"White Nile",1108575.98454193,7.12376581980332,-9.50670203240822,22.480037283605,15.2416933823818,20.4318898271157,-29.0386808048259,59.1525725343275,40.270081186853,0.308588234371352,0.130534894180334,0.141366190844047
"Blue Nile",1054912.58220973,-0.349234723398251,-2.25464381359272,-8.40272239705435,1.64357558206458,1.64698570958508,-8.6890707915017,-2.42958141893023,4.65027014121309,0.735228781359479,0.0893340747229314,0.0682809138839985
"West Kurdufan",791512.502328925,-0.649324420886888,3.90116341208708,-10.3981996066942,0.834386471876902,8.8960867898497,-14.378262860858,24.2659093021949,21.0601295305332,0.376906273998751,0.0705799139026621,0.0681851640216534
"South Kurdufan",567464.74797041,-4.92080112282449,0.766887060896226,-19.2467172693199,-9.75083459893186,3.38835074144017,-16.1674106326021,10.0623763934208,7.12554910666143,0.473198184680069,0.0888598253002376,0.0751861521605231
"South Darfur",531405.454147364,-7.57629125128697,3.24584709486853,-5.48153920723082,-0.0898015882040637,3.59151577690004,-39.5148177506162,77.9298405012813,41.5991657127763,0.180524784298548,0.0691807460213978,0.0609985016754474
"East Darfur",347725.05132549,-7.12964523946335,8.08433452981658,-7.30173169560688,-4.11252237574867,6.48278639490854,-22.8336324865586,50.3873949384487,29.9683085609834,0.340776297619358,0.0744587441556388,0.0679187835158068
"North Kurdufan",311826.362912031,2.18655368853267,0.129421786976769,5.9879828715913,2.99910123835565,16.1403758390265,-36.9657473544418,83.7806919966343,41.9911195723306,0.100011482246599,0.0633299842369121,0.0749701062645851
"River Nile",161216.381201027,13.2853157149563,21.5413673851066,0.362484399002794,-6.18206855902367,27.6278777660618,-28.0321910916259,88.6684914227147,31.8502202601628,0.073676586398549,0.0312476095656132,0.0488935851464654
"Red Sea",159808.543799716,23.6492911169591,38.0280322169013,-30.9251438973159,-0.447645806957375,39.3218412421781,-16.8455407179845,43.5022679266418,41.0922910747973,0.0646416168220747,0.0225023348003079,0.0310532757716176
"North Darfur",131304.567574006,-7.83732730834373,-18.9474064793583,20.2846171559443,11.2807310923103,-3.97380304146916,-63.7181886730185,150.612841305267,55.3731297023577,0.0265592294355383,0.0222893777981763,0.0488606945955787
"West Darfur",112879.838828673,-8.99955200839613,20.4408429056498,-14.2118819887269,-8.16293739934147,-0.358412024473964,-32.0473915874496,74.8802989209596,29.3050011452978,0.0901127540748703,0.0382542444339245,0.040509912526364
"Central Darfur",83207.947714637,-11.4451076859776,11.4580186133242,-8.31875574307482,-8.43347703819128,-2.76999299437077,-35.963479636417,78.4447462282372,27.3468971000577,0.126753730117065,0.043489002523145,0.0434085562733033
"Northern",16385.7260048576,17.7781205946988,41.5321976048399,-9.55732422801141,3.96283558344426,9.06799638743476,-47.7063168100564,98.9860409661081,17.2899713192005,0.00887196383954034,0.00571385882107846,0.00893257890142414
