"lr","depth","n_trees","n_cbi","cbi_sd","cbi","cbi_wet","auc","or_10p"
0.001,1,500,4,0.0330895250293302,0.74925,0.535,0.866401864695508,0.199293901436379
0.001,1,1000,4,0.0560795565840767,0.68325,0.51325,0.87241690887558,0.232358417565411
0.001,1,1500,4,0.0854692927313664,0.6755,0.5495,0.878767728520409,0.244858417565411
0.001,1,2000,4,0.0799181873334641,0.72975,0.58325,0.880568309913874,0.244858417565411
0.001,1,2500,4,0.0594278273762946,0.7675,0.5985,0.881861696068088,0.244858417565411
0.001,1,3000,4,0.0908533617062865,0.7345,0.64675,0.883933758997399,0.244858417565411
0.001,1,3500,4,0.106092333998896,0.77725,0.69575,0.88529063139406,0.252922933694443
0.001,1,4000,4,0.092041204540865,0.80875,0.7335,0.886492395520322,0.252922933694443
0.001,1,4500,4,0.0954236169229959,0.8415,0.75675,0.887352859019172,0.252922933694443
0.001,1,5000,4,0.0847447146827852,0.8845,0.79175,0.887444666791696,0.269051965952508
0.001,1,5500,4,0.0910915290609762,0.8875,0.8135,0.889008576530663,0.269051965952508
0.001,1,6000,4,0.0977697124198832,0.88225,0.814,0.88896775584165,0.269051965952508
0.001,1,6500,4,0.115182463943085,0.8715,0.824,0.889117825488073,0.269051965952508
0.001,1,7000,4,0.116518954109049,0.861,0.8205,0.888045449913926,0.269051965952508
0.001,1,7500,4,0.111548195861699,0.8605,0.82225,0.887772524993643,0.269051965952508
0.001,1,8000,4,0.11044568800999,0.85575,0.81575,0.887461233894145,0.269051965952508
0.001,1,8500,4,0.112781130218372,0.86175,0.82625,0.886939677101456,0.269051965952508
0.001,1,9000,4,0.144647848238403,0.8575,0.82725,0.886436355370556,0.27767265560768
0.001,1,9500,4,0.123373079181265,0.86575,0.8305,0.885728469675707,0.27767265560768
0.001,1,10000,4,0.118054718951284,0.87225,0.83725,0.885047079735615,0.27767265560768
0.001,3,500,4,0.188248063292384,0.704,0.59625,0.892543459821319,0.269051965952508
0.001,3,1000,4,0.202695173433739,0.69,0.65175,0.895462955444676,0.269051965952508
0.001,3,1500,4,0.208817304519206,0.724,0.717,0.900131616469691,0.269051965952508
0.001,3,2000,4,0.179059347703492,0.72975,0.71525,0.901041282663986,0.269051965952508
0.001,3,2500,4,0.131175137380018,0.78125,0.761,0.899901523090145,0.293245514339604
0.001,3,3000,4,0.147562416172502,0.771,0.764,0.897921047521773,0.293245514339604
0.001,3,3500,4,0.149355002148126,0.78775,0.77825,0.896754938527802,0.310486893649949
0.001,3,4000,4,0.1615,0.80275,0.79725,0.895381290760658,0.321356458867341
0.001,3,4500,4,0.145020688179308,0.8125,0.8145,0.894215552749398,0.329977148522513
0.001,3,5000,4,0.132517608892806,0.82225,0.821,0.892470910799742,0.349467403395077
0.001,3,5500,4,0.10710236536448,0.82575,0.829,0.891006727457692,0.357531919524109
0.001,3,6000,4,0.133285095440813,0.81825,0.8275,0.889895186619619,0.383393988489626
0.001,3,6500,4,0.167277215025438,0.8035,0.815,0.888843558843235,0.408699883929003
0.001,3,7000,4,0.160255005122045,0.8105,0.811,0.887639619014269,0.428190138801567
0.001,3,7500,4,0.179113558020231,0.7835,0.8,0.88712941648149,0.44992926923635
0.001,3,8000,4,0.18284510749083,0.7925,0.79425,0.886586836685117,0.44992926923635
0.001,3,8500,4,0.243515057713755,0.76325,0.76,0.886147184542202,0.469419524108913
0.001,3,9000,4,0.230090561880897,0.7515,0.761,0.885815195248178,0.469419524108913
0.001,3,9500,4,0.214472026147934,0.76825,0.76275,0.885534676844558,0.500853605455337
0.001,3,10000,4,0.213793319197147,0.74925,0.743,0.8849899199923,0.51978768680176
0.001,5,500,4,0.148676382343218,0.72,0.707,0.888138228766931,0.293245514339604
0.001,5,1000,4,0.137009427899445,0.77375,0.7675,0.888299499582947,0.293245514339604
0.001,5,1500,4,0.169667075965453,0.76575,0.75925,0.892302193608448,0.310486893649949
0.001,5,2000,4,0.157235227181019,0.79425,0.78325,0.894307201959482,0.321356458867341
0.001,5,2500,4,0.171793480667923,0.8035,0.7815,0.894110559174989,0.348911229868937
0.001,5,3000,4,0.194790485736171,0.787,0.7735,0.892986709333252,0.357531919524109
0.001,5,3500,4,0.223279346708706,0.7535,0.75225,0.891691121607089,0.374217125308314
0.001,5,4000,4,0.223532808926714,0.75175,0.75625,0.889449169968342,0.428190138801567
0.001,5,4500,4,0.232393882593038,0.72525,0.70525,0.888246716090617,0.458549958891522
0.001,5,5000,4,0.269406137024877,0.7105,0.69975,0.886461480921965,0.489984040237946
0.001,5,5500,4,0.216964666862295,0.7725,0.76875,0.885431372630102,0.525047153842434
0.001,5,6000,4,0.184835963311617,0.7645,0.77675,0.884728634601867,0.535916719059825
0.001,5,6500,4,0.147646819584214,0.77275,0.76325,0.883842996246879,0.544537408714997
0.001,5,7000,4,0.114082937666711,0.77725,0.773,0.882847922884989,0.573722614499202
0.001,5,7500,4,0.128867826344153,0.76825,0.77,0.881744414561515,0.601277385500798
0.001,5,8000,4,0.137668684408135,0.767,0.7675,0.881160693956375,0.636896672631426
0.001,5,8500,4,0.153970505833639,0.75225,0.76275,0.880662704378227,0.677775426802728
0.001,5,9000,4,0.182605220808899,0.727,0.737,0.880428775511596,0.677775426802728
0.001,5,9500,4,0.144599158595984,0.73775,0.74275,0.879578314284789,0.695016806113072
0.001,5,10000,4,0.144407986852067,0.7535,0.74375,0.87837024784814,0.703637495768245
0.005,1,500,4,0.0362353418639869,0.7035,0.595,0.881949230981502,0.244858417565411
0.005,1,1000,4,0.108078675047393,0.8685,0.786,0.886132843737598,0.269051965952508
0.005,1,1500,4,0.117913456964561,0.85725,0.81925,0.887794016864587,0.269051965952508
0.005,1,2000,4,0.134840646690825,0.856,0.8285,0.885739654839792,0.27767265560768
0.005,1,2500,4,0.154795294932803,0.84675,0.80275,0.882972794891573,0.286293345262852
0.005,1,3000,4,0.17083593493954,0.83075,0.80875,0.880874286723098,0.319663756831262
0.005,1,3500,4,0.131482254822974,0.82775,0.8045,0.879497662123436,0.336348962615466
0.005,1,4000,4,0.125033328890074,0.826,0.80025,0.878124429408848,0.344969652270639
0.005,1,4500,4,0.119179136876664,0.8505,0.8165,0.876651818478516,0.35583921748803
0.005,1,5000,4,0.10719919153924,0.8605,0.82725,0.874955003313881,0.364459907143203
0.005,1,5500,4,0.117445022599229,0.856,0.8295,0.873694718350385,0.392014678144799
0.005,1,6000,4,0.143402696394919,0.8325,0.81475,0.873109473870383,0.392014678144799
0.005,1,6500,4,0.161539468861328,0.8225,0.81125,0.872484156262553,0.392014678144799
0.005,1,7000,4,0.174048604322662,0.80375,0.80175,0.871040277877305,0.392014678144799
0.005,1,7500,4,0.16137946998715,0.8,0.7945,0.870319199960643,0.419569449146395
0.005,1,8000,4,0.165320900070136,0.7935,0.799,0.869789212017597,0.439059704018958
0.005,1,8500,4,0.173134581563977,0.78125,0.78675,0.868891955518963,0.44992926923635
0.005,1,9000,4,0.170298757090786,0.7795,0.778,0.868522844335518,0.44992926923635
0.005,1,9500,4,0.183995244503764,0.77625,0.7685,0.867732001294551,0.466058301494414
0.005,1,10000,4,0.205969253368879,0.766,0.759,0.866787749264506,0.466058301494414
0.005,3,500,4,0.180150631417156,0.73425,0.7205,0.900078826041241,0.285180998210572
0.005,3,1000,4,0.113290187865793,0.794,0.79475,0.890590277001132,0.349467403395077
0.005,3,1500,4,0.193251131950113,0.779,0.78225,0.885798089335006,0.458549958891522
0.005,3,2000,4,0.202152376521606,0.76775,0.76475,0.88349506856755,0.511723170672728
0.005,3,2500,4,0.197633499184728,0.7305,0.718,0.88200764520131,0.557037408714997
0.005,3,3000,4,0.153980518248251,0.779,0.77125,0.879533941467361,0.619655293321081
0.005,3,3500,4,0.17316081157891,0.743,0.7325,0.877111896475383,0.678331600328868
0.005,3,4000,4,0.139208177441796,0.76725,0.76525,0.874526563851656,0.747321299027905
0.005,3,4500,4,0.147094074206498,0.775,0.76275,0.871277592358525,0.758190864245297
0.005,3,5000,4,0.166282891483159,0.769,0.749,0.86951764395005,0.800494510809112
0.005,3,5500,4,0.107447273891275,0.80825,0.78,0.865922640332413,0.826356579774629
0.005,3,6000,4,0.116654404117461,0.78125,0.7595,0.86369456520585,0.869834840644194
0.005,3,6500,4,0.134058134155796,0.74925,0.727,0.861940654356241,0.894584562557431
0.005,3,7000,4,0.137971917432498,0.74475,0.722,0.858770098498964,0.911269768341636
0.005,3,7500,4,0.157239732044205,0.7375,0.72325,0.857013670383912,0.911269768341636
0.005,3,8000,4,0.138987709288747,0.77675,0.76325,0.854894522394242,0.911269768341636
0.005,3,8500,4,0.11389871231347,0.79875,0.777,0.853576424128512,0.938824539343232
0.005,3,9000,4,0.0811474994480216,0.78975,0.775,0.852321644189306,0.946889055472264
0.005,3,9500,4,0.0966126285741155,0.778,0.76925,0.850330529028069,0.946889055472264
0.005,3,10000,4,0.106032620766756,0.73975,0.72225,0.847078411949051,0.964130434782609
0.005,5,500,4,0.22121087224637,0.75375,0.7405,0.89661400260254,0.340846713739904
0.005,5,1000,4,0.142950749094458,0.77225,0.77,0.885821308444908,0.471049958891522
0.005,5,1500,4,0.123772304387263,0.74775,0.75425,0.881535617362164,0.61270312424433
0.005,5,2000,4,0.145593898681687,0.79175,0.78775,0.878398980126552,0.705886371330464
0.005,5,2500,4,0.126297268379011,0.7875,0.7755,0.874682415653257,0.803299559897471
0.005,5,3000,4,0.182048528328758,0.7375,0.7235,0.871189468217599,0.875094307684867
0.005,5,3500,4,0.193914714930731,0.75675,0.7505,0.867010648617494,0.929647676161919
0.005,5,4000,4,0.140086580370855,0.76025,0.75025,0.863681486275849,0.929647676161919
0.005,5,4500,4,0.103248486671718,0.70425,0.70375,0.859708439267383,0.938268365817091
0.005,5,5000,4,0.0992450670478555,0.68375,0.66,0.857516985481286,0.966379310344828
0.005,5,5500,4,0.123804617576782,0.68225,0.673,0.852457116447372,0.966379310344828
0.005,5,6000,4,0.125995700984862,0.67875,0.6625,0.849275408858804,0.966379310344828
0.005,5,6500,4,0.115770966423653,0.66925,0.66525,0.84556021476604,0.975
0.005,5,7000,4,0.12746372032857,0.6875,0.67575,0.842502310955787,0.975
0.005,5,7500,4,0.139323065809889,0.66325,0.64975,0.840071863718652,0.975
0.005,5,8000,4,0.138508724153631,0.648,0.64225,0.837319063712647,0.975
0.005,5,8500,4,0.158896979203508,0.62875,0.61875,0.834776629376643,0.975
0.005,5,9000,4,0.149635947107193,0.63675,0.6375,0.833284601601088,0.975
0.005,5,9500,4,0.141997652562757,0.618,0.61075,0.830446573779331,0.975
0.005,5,10000,4,0.0877762306474063,0.506,0.48625,0.828270004710046,0.975
0.01,1,500,4,0.1454587570413,0.85175,0.7685,0.888673378550101,0.269051965952508
0.01,1,1000,4,0.131258967947591,0.85525,0.823,0.884453857342618,0.27767265560768
0.01,1,1500,4,0.17785199839567,0.826,0.782,0.88152669827318,0.319663756831262
0.01,1,2000,4,0.139758124391154,0.8185,0.79725,0.878509880135939,0.336348962615466
0.01,1,2500,4,0.12757873386005,0.8325,0.8125,0.874743331229796,0.381145112927407
0.01,1,3000,4,0.164100325004756,0.81325,0.8095,0.873083829784724,0.392014678144799
0.01,1,3500,4,0.177672685951818,0.78925,0.7915,0.871892737911921,0.392014678144799
0.01,1,4000,4,0.167810160598219,0.78775,0.78975,0.870271883227435,0.433244063452145
0.01,1,4500,4,0.184583088788401,0.77025,0.77375,0.869141871197907,0.44992926923635
0.01,1,5000,4,0.247738437335294,0.7305,0.73225,0.867315294643583,0.457993785365382
0.01,1,5500,4,0.304924444193421,0.69125,0.69575,0.865857078624258,0.466058301494414
0.01,1,6000,4,0.319066738055432,0.70325,0.703,0.865596912779261,0.51978768680176
0.01,1,6500,4,0.283939400811746,0.71375,0.72025,0.86461335906998,0.528408376456933
0.01,1,7000,4,0.298010066944055,0.711,0.70825,0.863360188214527,0.547342457803356
0.01,1,7500,4,0.339649206289862,0.67075,0.68525,0.862282509581716,0.555406973932389
0.01,1,8000,4,0.34601192175993,0.65925,0.68225,0.862006900360053,0.563471490061421
0.01,1,8500,4,0.323230567861395,0.666,0.6945,0.861294136325731,0.572092179716593
0.01,1,9000,4,0.298675269593361,0.66825,0.68525,0.861263048241187,0.574341055278812
0.01,1,9500,4,0.284249303722396,0.6845,0.699,0.860220687654166,0.582405571407844
0.01,1,10000,4,0.288893723250148,0.66475,0.6755,0.859218142317997,0.591026261063017
0.01,3,500,4,0.139691326383089,0.8065,0.81525,0.891517008575927,0.349467403395077
0.01,3,1000,4,0.158415066623517,0.796,0.7985,0.885173692555352,0.479114475020554
0.01,3,1500,4,0.169861463159443,0.69525,0.69625,0.881980014997437,0.603526261063017
0.01,3,2000,4,0.1345486281362,0.757,0.72225,0.877392628158698,0.739256782898873
0.01,3,2500,4,0.124339588761317,0.7415,0.7235,0.872738307168615,0.796059026938144
0.01,3,3000,4,0.145818380185764,0.7375,0.70525,0.867265892699629,0.875094307684867
0.01,3,3500,4,0.186714577184893,0.7055,0.689,0.862776762907995,0.902649078686463
0.01,3,4000,4,0.0971232035440896,0.74525,0.72825,0.857902088056987,0.938824539343232
0.01,3,4500,4,0.0886284378740819,0.7565,0.73775,0.852414890090691,0.946889055472264
0.01,3,5000,4,0.084799272795624,0.71975,0.713,0.84840954962548,0.955509745127436
0.01,3,5500,4,0.084389967808186,0.7115,0.70075,0.842685307783987,0.975
0.01,3,6000,4,0.105645634079218,0.6985,0.6795,0.838600645996825,0.975
0.01,3,6500,4,0.104547835941257,0.73125,0.721,0.835321961558947,0.975
0.01,3,7000,4,0.0555487773642829,0.6505,0.6425,0.831858294006012,0.975
0.01,3,7500,4,0.121601809197067,0.6155,0.612,0.829646113730419,0.9875
0.01,3,8000,4,0.133627591961142,0.6325,0.6175,0.825865866192816,0.9875
0.01,3,8500,4,0.168076371529929,0.6065,0.588,0.824357623306438,0.9875
0.01,3,9000,4,0.236667664317146,0.53425,0.52275,0.824318553780688,0.9875
0.01,3,9500,4,0.265489485039741,0.518,0.50325,0.819912054177014,0.9875
0.01,3,10000,4,0.235001418435436,0.5005,0.493,0.817761902235827,0.9875
0.01,5,500,4,0.185269173546671,0.779,0.76675,0.885725669198168,0.496418121584369
0.01,5,1000,4,0.115398945691313,0.78525,0.76825,0.879923653186782,0.705886371330464
0.01,5,1500,4,0.14105643078806,0.74475,0.731,0.873402469269326,0.883158823813899
0.01,5,2000,4,0.181171189762611,0.7035,0.6965,0.866365455841204,0.929647676161919
0.01,5,2500,4,0.187588867828913,0.68075,0.661,0.858008991092582,0.957758620689655
0.01,5,3000,4,0.16153637361288,0.68,0.66225,0.85110015945009,0.966379310344828
0.01,5,3500,4,0.171330820344735,0.61025,0.60425,0.844967571137349,0.975
0.01,5,4000,4,0.243423328106956,0.53775,0.53125,0.840424694163819,0.975
0.01,5,4500,4,0.245334295740866,0.50525,0.4875,0.833433491438095,0.9875
0.01,5,5000,4,0.247527776219155,0.42,0.408,0.82853354391552,0.9875
0.01,5,5500,4,0.201937902996606,0.44075,0.41075,0.821436244674419,1
0.01,5,6000,4,0.0751991799600678,0.51625,0.503,0.817926988817614,1
0.01,5,6500,4,0.0536718424005238,0.518,0.5005,0.813443054142806,1
0.01,5,7000,4,0.0607179270616732,0.546,0.53225,0.810418057063675,1
0.01,5,7500,4,0.151070347851589,0.56125,0.55375,0.807680604455773,1
0.01,5,8000,4,0.156502129910959,0.50625,0.50175,0.804168998512844,1
0.01,5,8500,4,0.0901272248916312,0.50225,0.49825,0.802254096049968,1
0.01,5,9000,4,0.1671925038192,0.449,0.4385,0.800827996509773,1
0.01,5,9500,4,0.167641233988936,0.43225,0.422,0.797727732528466,1
0.01,5,10000,4,0.193694777076375,0.5465,0.53575,0.795243774893107,1
