"state","slope","river_dist","vertisols","lst_night","rainfall"
"Al Jazirah",20679.5231312424,482.243764919255,0,9.10688940579894,0
"Al Qadarif",35526.8657408816,52340.6803329915,0,0,0
"Blue Nile",31519.4519171806,358.75787917596,0,0,408.588795147034
"Central Darfur",2223.58986590146,5.70338885663329,0,23840.9252051967,0
"East Darfur",26525.9867381255,25.1657211547645,0,1032.45196511667,0
"Kassala",37402.3731223196,27.7918905967623,0,17818.5947429972,2.44013486273971
"Khartoum",51097.0804437854,112.837954041234,0,425209.485701451,167.663636287052
"North Darfur",1355.42216406017,154.855067048878,0,24319.3820562374,29.0130662860433
"North Kurdufan",2437.05581681627,17337.4406663608,0,4431.16246851434,179.646508505024
"Northern",325.372269739698,0.538417762620686,0,2.07660407287055,16051.2292521341
"Red Sea",2014.98328768827,3.26550093362512,0,5281.54175793111,148203.078357296
"River Nile",1011.87823470185,1.57457198605783,0,19.262937332433,136449.102160411
"Sennar",82621.2451532262,2576.06760097472,0,0,0
"South Darfur",1412.71363567157,22.1227605099958,0,22190.9184276668,0
"South Kurdufan",83174.9011844254,2284.20345168167,0,804.624128499142,0
"West Darfur",750.944491780927,94.511757184104,0,30348.9949878063,0
"West Kurdufan",5259.14769581419,415.980094316709,0,755.133928240351,0
"White Nile",20555.1532001468,8.88907981927468,0,22136.3746179689,0
