"null","iter","cbi","auc"
"uniform",1,-0.104,0.449030169990432
"uniform",2,-0.013,0.407646364918887
"uniform",3,-0.215,0.310746899349388
"uniform",4,-0.3835,0.451782735582725
"uniform",5,-0.30875,0.324834460470594
"uniform",6,-0.47875,0.262015919961055
"uniform",7,0.75125,0.752794519648084
"uniform",8,0.83175,0.838135028664291
"uniform",9,-0.552,0.179861028857737
"uniform",10,0.1805,0.513824118739377
"uniform",11,-0.74875,0.191467699729623
"uniform",12,0.6555,0.607678677845661
"uniform",13,NA,0.70366173233606
"uniform",14,0.11825,0.622377624310119
"uniform",15,-0.40975,0.323822893053556
"uniform",16,-0.7295,0.274365029808212
"uniform",17,0.26525,0.639592929061209
"uniform",18,0.22925,0.58600981304863
"uniform",19,0.27375,0.531360320160883
"uniform",20,0.079,0.56772787555112
"uniform",21,-0.1555,0.521004215491619
"uniform",22,0.4415,0.491466526142725
"uniform",23,0.761,0.812110215570387
"uniform",24,-0.132,0.437643961832273
"uniform",25,0.36425,0.673810365179944
"uniform",26,-0.0705,0.547783774757621
"uniform",27,0.3485,0.536792098532818
"uniform",28,-0.685,0.252731705751735
"uniform",29,0.54525,0.763646730207218
"uniform",30,-0.775,0.253160983558574
"uniform",31,0.3115,0.67731705659716
"uniform",32,0.71475,0.653479206778105
"uniform",33,-0.2765,0.46042890178038
"uniform",34,0.1145,0.563865417518627
"uniform",35,0.437,0.659731600918719
"uniform",36,-0.64775,0.247336851617331
"uniform",37,-0.652,0.24344967153923
"uniform",38,-0.5485,0.17772513500509
"uniform",39,-0.6855,0.354613534154262
"uniform",40,-0.354,0.297636742092866
"uniform",41,NA,0.574423183765934
"uniform",42,-0.7325,0.204155303600475
"uniform",43,-0.30575,0.450687002680366
"uniform",44,-0.13225,0.510914830025981
"uniform",45,-0.7205,0.31582560698047
"uniform",46,-0.69175,0.252828154464969
"uniform",47,-0.601,0.29704966342529
"uniform",48,-0.134,0.536954841777947
"uniform",49,-0.16525,0.473164078007111
"uniform",50,-0.18275,0.488096510326887
"uniform",51,-0.47675,0.371657073943034
"uniform",52,0.6385,0.748855349307587
"uniform",53,-0.7825,0.22165737334808
"uniform",54,0.0275,0.437600582486297
"uniform",55,-0.12775,0.603444600805634
"uniform",56,0.721,0.777963343054121
"uniform",57,0.15475,0.570804966526999
"uniform",58,-0.605,0.359988973555498
"uniform",59,-0.52075,0.334173936418012
"uniform",60,0.62,0.707458722607144
"uniform",61,-0.319,0.446326327081214
"uniform",62,-0.62925,0.188584257016452
"uniform",63,0.06225,0.505353525348413
"uniform",64,-0.31875,0.450273544700888
"uniform",65,0.68975,0.777121540558989
"uniform",66,-0.711,0.333806770883765
"uniform",67,-0.2405,0.495310765088932
"uniform",68,-0.67725,0.292600252154347
"uniform",69,NA,0.520664873282227
"uniform",70,-0.631,0.23589032755701
"uniform",71,-0.02275,0.55350549368103
"uniform",72,0.036,0.499263667109835
"uniform",73,0.61875,0.756337631235248
"uniform",74,-0.73575,0.277750347116192
"uniform",75,0.14625,0.546876421656281
"uniform",76,-0.26025,0.490282430180902
"uniform",77,NA,0.403233669416394
"uniform",78,0.0215,0.560877511583676
"uniform",79,0.22,0.565860108616909
"uniform",80,-0.719,0.345909434423227
"uniform",81,-0.389,0.361787174504174
"uniform",82,NA,0.482605359111379
"uniform",83,-0.519,0.364363605644714
"uniform",84,-0.1425,0.439049407242308
"uniform",85,0.79375,0.775714859490973
"uniform",86,-0.5925,0.3479479636502
"uniform",87,-0.74875,0.166294881681872
"uniform",88,NA,0.749672942403948
"uniform",89,-0.32925,0.438805516709586
"uniform",90,-0.3545,0.28553999689741
"uniform",91,-0.15825,0.443983078727592
"uniform",92,-0.5675,0.291046983603446
"uniform",93,-0.30975,0.484827572243629
"uniform",94,-0.5515,0.163675038451284
"uniform",95,0.1955,0.616419878867254
"uniform",96,0.663,0.664939483027339
"uniform",97,-0.40575,0.329674323194746
"uniform",98,0.88525,0.821292813205538
"uniform",99,0.10525,0.547238261272533
"accessibility",1,0.6745,0.776251976720184
"accessibility",2,0.81925,0.800790870205626
"accessibility",3,0.89475,0.83461875314996
"accessibility",4,0.7025,0.799582794950656
"accessibility",5,0.8635,0.839081962264633
"accessibility",6,0.861,0.836298561645083
"accessibility",7,0.91,0.870744660784678
"accessibility",8,0.801,0.82860702494182
"accessibility",9,0.8865,0.82169035995249
"accessibility",10,0.79025,0.841038581104019
"accessibility",11,0.87925,0.839238721314122
"accessibility",12,0.929,0.859224243636052
"accessibility",13,0.60275,0.754137998497447
"accessibility",14,0.83125,0.770040528295258
"accessibility",15,0.83775,0.841199664042378
"accessibility",16,0.826,0.840553626982683
"accessibility",17,0.88775,0.848704016614462
"accessibility",18,0.96975,0.887255012561528
"accessibility",19,0.686,0.857205169028798
"accessibility",20,0.7805,0.801524764841871
"accessibility",21,0.82525,0.814341053191865
"accessibility",22,0.88175,0.857277579122887
"accessibility",23,0.915,0.830946837879513
"accessibility",24,0.96975,0.876332537039342
"accessibility",25,0.647,0.803891927331797
"accessibility",26,0.8675,0.859646598007814
"accessibility",27,0.79025,0.797296762752668
"accessibility",28,0.797,0.812228428026013
"accessibility",29,0.82225,0.881161578407955
"accessibility",30,0.8335,0.802914992177857
"accessibility",31,0.73825,0.808476247179762
"accessibility",32,0.86075,0.866221519171654
"accessibility",33,0.825,0.861775751048947
"accessibility",34,0.84375,0.820572161228881
"accessibility",35,0.781,0.856043085737402
"accessibility",36,0.72975,0.848317553540687
"accessibility",37,0.82725,0.77232950066718
"accessibility",38,0.9015,0.865557226163139
"accessibility",39,0.88025,0.848739027770116
"accessibility",40,0.72975,0.85686681741193
"accessibility",41,0.95,0.851572365229567
"accessibility",42,0.89675,0.830505605034047
"accessibility",43,0.91975,0.873277049764
"accessibility",44,0.828,0.836368747146689
"accessibility",45,0.809,0.831791059116597
"accessibility",46,0.851,0.862202146687491
"accessibility",47,0.6875,0.828614947965831
"accessibility",48,0.83725,0.861660413968946
"accessibility",49,0.68775,0.78895514949819
"accessibility",50,0.89275,0.88119810141051
"accessibility",51,0.784,0.782853952700271
"accessibility",52,0.75625,0.859501546014391
"accessibility",53,0.88975,0.841634935791101
"accessibility",54,0.81675,0.859844587730652
"accessibility",55,0.83475,0.85648451231401
"accessibility",56,0.695,0.818806895501996
"accessibility",57,0.712,0.813082962182144
"accessibility",58,0.80775,0.81381403463728
"accessibility",59,0.86675,0.834015120920256
"accessibility",60,0.77075,0.800262099996393
"accessibility",61,0.82925,0.879401260444945
"accessibility",62,0.648,0.845981316380755
"accessibility",63,0.791,0.866218708465141
"accessibility",64,0.645,0.808426173051582
"accessibility",65,0.8435,0.822147176557181
"accessibility",66,0.8815,0.858651137494367
"accessibility",67,0.552,0.823553154718811
"accessibility",68,0.50725,0.799111704459257
"accessibility",69,0.6005,0.828790594322431
"accessibility",70,0.9205,0.828173154116675
"accessibility",71,0.82725,0.801747941720956
"accessibility",72,0.707,0.830584737968302
"accessibility",73,0.61425,0.808155890942571
"accessibility",74,0.715,0.869094247833113
"accessibility",75,0.74475,0.817554051712881
"accessibility",76,0.80075,0.852876742875413
"accessibility",77,0.5805,0.75032410082293
"accessibility",78,0.91425,0.8653839694506
"accessibility",79,0.9455,0.879061409056303
"accessibility",80,0.765,0.837223656708471
"accessibility",81,0.76,0.790157395113835
"accessibility",82,0.603,0.759215526009296
"accessibility",83,0.939,0.883943724587002
"accessibility",84,0.86975,0.825236930014232
"accessibility",85,0.782,0.871497564735281
"accessibility",86,0.77375,0.76059245697727
"accessibility",87,0.713,0.824375685622672
"accessibility",88,0.8125,0.832018555632842
"accessibility",89,0.8575,0.894991277177406
"accessibility",90,0.892,0.871512506472402
"accessibility",91,0.75375,0.794338566997779
"accessibility",92,0.851,0.852483736651837
"accessibility",93,0.5615,0.720534212079835
"accessibility",94,0.78125,0.875484533444435
"accessibility",95,0.924,0.882849626105027
"accessibility",96,0.91225,0.867159831878397
"accessibility",97,0.66825,0.842626538270311
"accessibility",98,0.8975,0.836043053590928
"accessibility",99,0.718,0.826721114122888
