"year","lst_night","rainfall","risk_weighted","maxsss","p10","hot_pct","group","lst_anom","rw_pct","above_pre_lst"
NA,21.3680155385773,241.430672016228,15159039.7519124,10924050.6270419,27291320.4220297,3.40153192054816,"long-term mean",0,0,FALSE
2000,20.9489897444333,231.738257706588,10436675.7961962,7171731.5201344,15704325.5633242,0.0404917312695492,"before drift",-0.419025794143941,-31.1521312233548,FALSE
2001,20.4930663203699,227.936554956008,10652647.7815205,7007973.80575064,18566066.3186486,0.0319748909980417,"before drift",-0.874949218207437,-29.7274236636489,FALSE
2002,20.8418986551357,207.776068538868,10139099.0991032,7045068.65382442,15378269.4822361,0.261754979687056,"before drift",-0.52611688344161,-33.1151625364389,FALSE
2003,20.9551789299067,264.812981102149,13812470.5565991,9650021.56854716,26303239.2061205,0.032998103355793,"before drift",-0.412836608670638,-8.88294520860674,FALSE
2004,20.9450201613745,179.233025509417,9945856.79810217,6176897.61243221,16943009.274423,0.754807968363307,"before drift",-0.422995377202753,-34.389928644079,FALSE
2005,21.0683248629298,232.082007804085,12657568.044173,8157359.54406453,23529222.1496753,0.508883244613726,"before drift",-0.299690675647497,-16.5015182272603,FALSE
2006,20.7464789002907,237.569772961177,11111801.08267,6859471.44396215,19973159.4480719,0.76096084870397,"before drift",-0.621536638286639,-26.6985161031183,FALSE
2007,21.0769765146487,277.59530318295,16448715.3335824,13910835.6646293,28899210.9923841,2.67201789763705,"before drift",-0.291039023928615,8.50763374709991,FALSE
2008,21.1750828299292,194.5619836762,11475160.8244825,7520303.38856409,19597810.4426784,2.41856978315203,"before drift",-0.192932708648122,-24.3015322059909,FALSE
2009,21.1847121120388,190.20552679377,12190193.6833805,7313038.02504067,23000689.9608508,3.43218192030365,"before drift",-0.18330342653848,-19.5846578485117,FALSE
2010,21.9304745072896,247.708801637843,15679801.9628897,11247169.0789191,27677036.6171349,9.16297422750266,"before drift",0.562458968712299,3.43532452912492,FALSE
2011,20.7980699345249,220.181028831664,11852087.7304508,8486607.72684104,20095407.9600355,2.08903736361373,"before drift",-0.569945604052439,-21.8150494726715,FALSE
2012,21.0451873172826,257.949972594501,15274586.6390992,11112238.1419833,26297195.7144961,1.54399987585026,"before drift",-0.322828221294724,0.762230913552164,FALSE
2013,21.5291319765945,224.250067081485,14132791.2682897,9939612.39989415,25886977.2770728,10.4630212933093,"before drift",0.161116438017242,-6.76987791059331,FALSE
2014,21.5995943329334,257.37098735836,18077506.258034,14976868.8041479,32280363.0518717,6.05042847828573,"before drift",0.231578794356125,19.2523177845313,FALSE
2015,21.4262714681419,217.221259522721,12980767.2361721,9448689.90172386,19130289.2962371,4.81630369243731,"before drift",0.0582559295645666,-14.3694623893678,FALSE
2016,21.7802999209816,236.784075981633,18590784.6926709,14769104.505904,33678878.3364747,13.4558023824673,"before drift",0.412284382404295,22.6382739073266,FALSE
2018,21.4652587810278,278.683094642289,17062809.1870348,12901919.6102274,30884776.8119777,4.70078836983452,"before drift",0.0972432424504994,12.5586413537982,FALSE
2020,21.5044968162867,252.298530117005,16818392.0019599,12405966.3015128,30853764.578754,5.31407107554893,"before drift",0.1364812777094,10.946288664743,FALSE
2022,21.4883139223737,260.620845814637,17310860.0904088,12908557.3831247,30581716.9663588,7.92602551250551,"drift",0.120298383796364,14.1949646792431,FALSE
2024,22.4264967362549,285.295738720728,25674352.2794891,25854119.3967479,41424936.0972217,26.4701883445258,"drift",1.05848119767766,69.3666135828298,TRUE
2025,23.3050298656253,242.787892246109,27502183.130703,27829163.7729716,44291122.035327,32.8943439586204,"drift",1.93701432704801,81.4243090643873,TRUE
