"state","ltm","pre_min_pct","pre_max_pct","pct_2022","pct_2024","pct_2025"
"Al Qadarif",2879480.04089389,-23.6225392644845,6.03171765669417,6.76193533470923,13.1892503736278,17.4346048936555
"Khartoum",2698474.09168163,-64.6113810966995,44.1573653684101,34.909015260502,145.466413333197,119.803729670182
"Sennar",1708991.03648843,-32.4991854589243,15.2110005607823,9.02042895903028,29.1641482122533,43.1222698029996
"Al Jazirah",1353699.47189395,-45.5664472690579,43.5494148584348,4.83149873422244,91.415888409261,127.292339766246
"Kassala",1140169.42039506,-54.0253681505632,12.8739742627362,25.8788651149371,61.149537578537,72.3603389507478
"White Nile",1108575.98454193,-61.8209890825056,47.2429241075224,2.43004839504495,68.5258308229137,97.7135148833312
"Blue Nile",1054912.58220973,-24.390336257596,10.4502318607621,7.96037410940913,13.5508721892802,15.6202090224665
"West Kurdufan",791512.502328925,-49.4124046616795,26.057840452536,8.09004985480346,49.2869010741482,86.6585612718995
"South Kurdufan",567464.74797041,-37.2825932853094,31.767987969495,-1.33787639438365,43.6507097119775,59.5479696690717
"South Darfur",531405.454147364,-56.1066358050321,22.7545290252851,-4.91689741720474,63.2784126664339,113.693279519286
"East Darfur",347725.05132549,-39.352016659233,22.5071665954929,6.50764989613575,66.6407429885473,99.4800929021763
"North Kurdufan",311826.362912031,-58.6367334904326,54.4913764342665,0.115240467316791,122.522298299305,200.271384548704
"River Nile",161216.381201027,-58.3707502023764,61.7376452586446,64.5162417992568,253.647111999201,245.213262885786
"Red Sea",159808.543799716,-57.6086709612207,86.1297882675108,92.585856881784,215.991399764163,218.265872845073
"North Darfur",131304.567574006,-56.9897973759844,76.3615453870637,34.3746446474665,195.105579612777,291.980915737212
"West Darfur",112879.838828673,-48.1143500834403,37.1090780346562,29.142298914063,150.685841569109,157.605941779632
"Central Darfur",83207.947714637,-43.2917635164041,24.9410034274998,3.31342174398364,90.508106173645,141.545241204898
"Northern",16385.7260048576,-46.0577842043489,66.5771614161794,21.3695698593867,188.4966471317,326.389365350428
