"state","total_pop","pop_beyond","pop_no_tt","pop_with_tt","pct_beyond"
"Central Darfur",982386.075599949,348909.196905606,0,982386.075599949,35.5
"North Kurdufan",2194667.98601751,743138.129585855,0,2194667.98601751,33.9
"East Darfur",1707001.96527777,525093.376440471,0,1707001.96527777,30.8
"North Darfur",2481011.12793692,686912.93312336,0,2481011.12793692,27.7
"South Kurdufan",1472685.11925319,357157.776861284,0,1472685.11925319,24.3
"West Kurdufan",2445405.47790527,521720.393903556,0,2445405.47790527,21.3
"West Darfur",1304809.17416667,172873.485386443,0,1304809.17416667,13.2
"South Darfur",4508360.51375973,557209.341390069,0,4508360.51375973,12.4
"Northern",1126681.5383448,108089.61715986,0,1126681.5383448,9.6
"Kassala",2500133.49374338,180221.433762057,0,2500133.49374338,7.2
"Al Qadarif",3462249.60025557,245464.061915752,0,3462249.60025557,7.1
"Blue Nile",1245809.07697372,75395.0508022376,0,1245809.07697372,6.1
"White Nile",3194193.09779445,186392.127365663,0,3194193.09779445,5.8
"Al Jazirah",5630168.94646485,317362.456078603,0,5630168.94646485,5.6
"River Nile",1675125.59288139,78540.0982477374,0,1675125.59288139,4.7
"Red Sea",1565548.72310874,45854.3951707697,43601.6941650887,1521947.02894365,3
"Sennar",2667210.27128445,39810.6672156033,0,2667210.27128445,1.5
"Khartoum",10664712.3897951,60845.3483161072,0,10664712.3897951,0.6
