"state","maxent","rf","gbt","rf_pct","gbt_pct","share_maxent","share_rf","share_gbt"
"Al Qadarif",2879480.04089389,2850871.45102837,2827514.40120633,-1,-1.8,19,14.1,12.6
"Khartoum",2698474.09168163,4411099.09935594,3758951.95994011,63.5,39.3,17.8,21.8,16.8
"Sennar",1708991.03648843,1910601.03513702,1991318.37375811,11.8,16.5,11.3,9.4,8.9
"Al Jazirah",1353699.47189395,2334622.78062893,2849041.71928323,72.5,110.5,8.9,11.5,12.7
"Kassala",1140169.42039506,1195631.12720956,1622584.6609275,4.9,42.3,7.5,5.9,7.2
"White Nile",1108575.98454193,1516136.60098705,1830188.01483888,36.8,65.1,7.3,7.5,8.2
"Blue Nile",1054912.58220973,1042306.54289785,1030731.79033446,-1.2,-2.3,7,5.1,4.6
"West Kurdufan",791512.502328925,944620.444226121,1100894.17057007,19.3,39.1,5.2,4.7,4.9
"South Kurdufan",567464.74797041,623853.255368653,803406.479689569,9.9,41.6,3.7,3.1,3.6
"South Darfur",531405.454147364,872623.42464516,1375218.27579724,64.2,158.8,3.5,4.3,6.1
"East Darfur",347725.05132549,451445.338829699,584958.910298353,29.8,68.2,2.3,2.2,2.6
"North Kurdufan",311826.362912031,518827.802509553,646910.314786562,66.4,107.5,2.1,2.6,2.9
"River Nile",161216.381201027,381281.857748789,301979.849015439,136.5,87.3,1.1,1.9,1.3
"Red Sea",159808.543799716,151744.042572278,227091.065959354,-5,42.1,1.1,0.7,1
"North Darfur",131304.567574006,589297.476997892,531778.734133246,348.8,305,0.9,2.9,2.4
"West Darfur",112879.838828673,195368.267140644,480549.751915488,73.1,325.7,0.7,1,2.1
"Central Darfur",83207.947714637,179944.902466656,391719.59844572,116.3,370.8,0.5,0.9,1.7
"Northern",16385.7260048576,75440.8815598714,79782.6395412447,360.4,386.9,0.1,0.4,0.4
