"fc","rm","fold","auc","cbi","or_10p","auc_wet","cbi_wet","or_10p_wet"
"L",0.5,1,0.869198385941623,0.634,0.130434782608696,0.776281779252344,0.56,0.130434782608696
"L",0.5,2,0.793725099601593,0.734,0.5,0.720295595054095,0.722,0.4375
"L",0.5,3,0.963467949068255,0.607,0,0.91543667418627,0.567,0
"L",0.5,4,0.90498391654838,0.677,0,0.854958775029448,0.666,0
"L",1,1,0.86912851328454,0.641,0.130434782608696,0.776088885459666,0.556,0.130434782608696
"L",1,2,0.793525896414343,0.748,0.5,0.720633693972178,0.725,0.4375
"L",1,3,0.963290343734633,0.664,0,0.915017724782466,0.577,0
"L",1,4,0.905856460077883,0.731,0,0.856419316843341,0.734,0
"L",1.5,1,0.869215854105893,0.652,0.130434782608696,0.776127464218201,0.586,0.130434782608696
"L",1.5,2,0.793505976095618,0.761,0.5,0.721164992272025,0.746,0.4375
"L",1.5,3,0.963304005683372,0.645,0,0.915049951659686,0.601,0
"L",1.5,4,0.906038782606427,0.726,0,0.856866902237928,0.719,0
"L",2,1,0.869285726762977,0.61,0.130434782608696,0.776127464218201,0.546,0.130434782608696
"L",2,2,0.793266932270918,0.758,0.55,0.721068392581143,0.757,0.4375
"L",2,3,0.96333132958085,0.644,0,0.915082178536899,0.573,0
"L",2,4,0.90624715121049,0.737,0,0.857361601884565,0.749,0
"L",2.5,1,0.869390535748598,0.648,0.130434782608696,0.776050306701129,0.576,0.130434782608696
"L",2.5,2,0.793127490039841,0.763,0.55,0.721020092735702,0.747,0.4375
"L",2.5,3,0.963304005683372,0.619,0,0.914953271028039,0.559,0
"L",2.5,4,0.906546681078828,0.761,0,0.857856301531218,0.739,0
"L",3,1,0.869477876569952,0.664,0.130434782608696,0.77632035801088,0.556,0.130434782608696
"L",3,2,0.793047808764939,0.805,0.55,0.721358191653787,0.798,0.4375
"L",3,3,0.96333132958085,0.62,0,0.914921044150825,0.58,0
"L",3,4,0.906742026645137,0.76,0,0.858374558303883,0.756,0
"L",3.5,1,0.86940800391287,0.673,0.130434782608696,0.77597314918406,0.586,0.130434782608696
"L",3.5,2,0.793007968127492,0.888,0.55,0.72155139103555,0.869,0.4375
"L",3.5,3,0.963263019837154,0.605,0,0.914759909764746,0.548,0
"L",3.5,4,0.907054579551226,0.752,0,0.858822143698469,0.759,0
"L",4,1,0.869320663091517,0.686,0.130434782608696,0.775780255391381,0.546,0.130434782608696
"L",4,2,0.793067729083664,0.884,0.55,0.721889489953632,0.882,0.4375
"L",4,3,0.963263019837154,0.613,0,0.914759909764746,0.55,0
"L",4,4,0.907354109419564,0.787,0,0.85948174322733,0.782,0
"L",5,1,0.869076108791728,0.715,0.130434782608696,0.77508583773774,0.602,0.130434782608696
"L",5,2,0.793067729083664,0.874,0.55,0.722034389489953,0.881,0.4375
"L",5,3,0.963208372042191,0.643,0,0.914631002255881,0.526,0
"L",5,4,0.90751038587261,0.813,0,0.860094228504121,0.8,0
"L",6,1,0.868953831641832,0.727,0.130434782608696,0.774815786427992,0.626,0.130434782608696
"L",6,2,0.793446215139441,0.877,0.6,0.723000386398763,0.89,0.5
"L",6,3,0.963194710093445,0.626,0,0.914566548501448,0.499,0
"L",6,4,0.908122468647037,0.825,0,0.861507656065965,0.819,0
"L",8,1,0.868779149999128,0.739,0.130434782608696,0.774005632498747,0.655,0.130434782608696
"L",8,2,0.793286852589643,0.831,0.6,0.723821483771252,0.876,0.5
"L",8,3,0.962907809169896,0.673,0,0.913793103448275,0.546,0
"L",8,4,0.908500136741893,0.867,0,0.863038869257947,0.865,0
"LQ",0.5,1,0.887138190647545,0.608,0.130434782608696,0.788395509432507,0.601,0.130434782608696
"LQ",0.5,2,0.806832669322709,0.629,0.65,0.699333462132921,0.706,0.5625
"LQ",0.5,3,0.976679053500191,0.825,0,0.945149854979054,0.823,0
"LQ",0.5,4,0.920898068683502,0.88,0,0.881790341578328,0.828,0
"LQ",1,1,0.886055164462769,0.734,0.130434782608696,0.78723814667644,0.739,0.130434782608696
"LQ",1,2,0.80561752988048,0.627,0.7,0.697739567233385,0.693,0.625
"LQ",1,3,0.975736379037107,0.844,0,0.94299065420561,0.842,0
"LQ",1,4,0.917902770000132,0.853,0,0.876136631330976,0.847,0
"LQ",1.5,1,0.884360752528516,0.843,0.130434782608696,0.785424945025269,0.831,0.130434782608696
"LQ",1.5,2,0.805597609561754,0.605,0.65,0.699574961360124,0.665,0.5625
"LQ",1.5,3,0.974629761189137,0.895,0,0.940283596519499,0.904,0
"LQ",1.5,4,0.916144659903368,0.83,0,0.873521790341576,0.813,0
"LQ",2,1,0.883365067165092,0.866,0.130434782608696,0.785154893715521,0.856,0.130434782608696
"LQ",2,2,0.804701195219125,0.592,0.65,0.699913060278208,0.683,0.5625
"LQ",2,3,0.973140608776437,0.944,0,0.93683532065743,0.945,0
"LQ",2,4,0.91432143461784,0.835,0,0.870600706713777,0.819,0
"LQ",2.5,1,0.882613936101457,0.887,0.130434782608696,0.785694996335016,0.856,0.130434782608696
"LQ",2.5,2,0.803426294820715,0.587,0.65,0.698947063369398,0.667,0.5625
"LQ",2.5,3,0.970859063336795,0.936,0,0.931582339671288,0.938,0
"LQ",2.5,4,0.912563324521078,0.825,0,0.868150765606594,0.818,0
"LQ",3,1,0.881985082187713,0.888,0.130434782608696,0.785309208749663,0.86,0.130434782608696
"LQ",3,2,0.802948207171316,0.56,0.65,0.699671561051004,0.656,0.5625
"LQ",3,3,0.969356248975353,0.893,0,0.928198517563648,0.877,0
"LQ",3,4,0.910844283537577,0.81,0,0.865677267373382,0.82,0
"LQ",3.5,1,0.881164078466995,0.869,0.130434782608696,0.784730527371628,0.853,0.130434782608696
"LQ",3.5,2,0.803247011952191,0.554,0.65,0.702134853168471,0.609,0.5625
"LQ",3.5,3,0.967880758511391,0.826,0,0.924814695456013,0.788,0
"LQ",3.5,4,0.909294542044876,0.822,0,0.863345111896352,0.832,0
"LQ",4,1,0.88018586126784,0.844,0.130434782608696,0.783958952200917,0.848,0.130434782608696
"LQ",4,2,0.803486055776894,0.661,0.65,0.704743044822257,0.68,0.5625
"LQ",4,3,0.966118367123887,0.762,0,0.920818562681279,0.643,0
"LQ",4,4,0.908265722062328,0.813,0,0.861507656065965,0.789,0
"LQ",5,1,0.878386640347964,0.823,0.130434782608696,0.783033061996065,0.777,0.130434782608696
"LQ",5,2,0.803266932270916,0.8,0.6,0.708220633693973,0.817,0.5
"LQ",5,3,0.963440625170776,0.66,0,0.915114405414118,0.56,0
"LQ",5,4,0.907692708401165,0.823,0,0.860612485276801,0.81,0
"LQ",6,1,0.875102625465088,0.761,0.130434782608696,0.779406658693725,0.704,0.130434782608696
"LQ",6,2,0.802908366533863,0.79,0.55,0.711843122102009,0.767,0.4375
"LQ",6,3,0.962989780862344,0.624,0,0.914050918466002,0.549,0
"LQ",6,4,0.908161537760302,0.835,0,0.861931684334513,0.82,0
"LQ",8,1,0.868849022656211,0.7,0.130434782608696,0.772693954708536,0.648,0.130434782608696
"LQ",8,2,0.801035856573703,0.77,0.55,0.717107805255022,0.83,0.4375
"LQ",8,3,0.962743865785012,0.673,0,0.91337415404447,0.571,0
"LQ",8,4,0.908448044590882,0.867,0,0.863345111896352,0.881,0
"LQH",0.5,1,0.893776093070378,0.773,0.130434782608696,0.789205663361752,0.772,0.130434782608696
"LQH",0.5,2,0.812131474103587,0.553,0.6,0.714789412673879,0.579,0.5
"LQH",0.5,3,0.963631892453141,0.883,0.0344827586206897,0.915436674186272,0.885,0.0344827586206897
"LQH",0.5,4,0.911287066821206,0.839,0.0967741935483871,0.873050647820966,0.805,0.0666666666666667
"LQH",1,1,0.892955089349661,0.728,0.130434782608696,0.790324447359285,0.736,0.130434782608696
"LQH",1,2,0.809103585657372,0.67,0.65,0.71778400309119,0.63,0.5625
"LQH",1,3,0.967826110716434,0.902,0,0.924653561069933,0.898,0
"LQH",1,4,0.91622279812989,0.842,0.0967741935483871,0.87776207302709,0.777,0.0666666666666667
"LQH",1.5,1,0.891435359058116,0.735,0.130434782608696,0.789205663361752,0.697,0.130434782608696
"LQH",1.5,2,0.808087649402391,0.711,0.65,0.718267001545594,0.683,0.5625
"LQH",1.5,3,0.968741461282038,0.932,0,0.926619400580085,0.917,0
"LQH",1.5,4,0.91700418039512,0.823,0.0967741935483871,0.878351001177856,0.779,0.0666666666666667
"LQH",2,1,0.888326025817947,0.535,0.130434782608696,0.784653369854559,0.51,0.130434782608696
"LQH",2,2,0.806733067729083,0.626,0.65,0.716528207109737,0.624,0.5625
"LQH",2,3,0.969301601180393,0.868,0,0.927811795037063,0.876,0
"LQH",2,4,0.917134410772656,0.842,0.0645161290322581,0.878256772673733,0.797,0.0333333333333333
"LQH",2.5,1,0.886806295526405,0.74,0.130434782608696,0.782685853169245,0.724,0.130434782608696
"LQH",2.5,2,0.808127490039839,0.697,0.7,0.716528207109737,0.676,0.625
"LQH",2.5,3,0.969397234821575,0.829,0,0.928037383177571,0.856,0
"LQH",2.5,4,0.916274890280908,0.853,0.032258064516129,0.877126030624265,0.79,0
"LQH",3,1,0.886299718762554,0.816,0.130434782608696,0.781991435515604,0.757,0.130434782608696
"LQH",3,2,0.807848605577687,0.688,0.7,0.715658809891809,0.706,0.625
"LQH",3,3,0.969834417181268,0.775,0,0.929036416371256,0.791,0
"LQH",3,4,0.914998632581035,0.847,0.032258064516129,0.875406360424029,0.777,0
"LQH",3.5,1,0.886352123255369,0.889,0.130434782608696,0.782261486825355,0.877,0.130434782608696
"LQH",3.5,2,0.807310756972112,0.728,0.7,0.7149343122102,0.8,0.625
"LQH",3.5,3,0.969793431335045,0.783,0,0.928971962616821,0.779,0
"LQH",3.5,4,0.91398283563624,0.865,0.032258064516129,0.874605418138988,0.804,0
"LQH",4,1,0.886561741226614,0.928,0.130434782608696,0.782531538135102,0.919,0.130434782608696
"LQH",4,2,0.806972111553784,0.737,0.7,0.71372681607419,0.835,0.625
"LQH",4,3,0.969643149898903,0.753,0,0.928617466967451,0.764,0
"LQH",4,4,0.912732624011874,0.837,0.032258064516129,0.873050647820966,0.792,0
"LQH",5,1,0.885967823641415,0.852,0.130434782608696,0.78203001427414,0.828,0.130434782608696
"LQH",5,2,0.806494023904384,0.753,0.6,0.713147217928901,0.836,0.5
"LQH",5,3,0.96956117820646,0.879,0,0.928359651949727,0.839,0
"LQH",5,4,0.912550301483324,0.858,0.032258064516129,0.873144876325091,0.771,0
"LQH",6,1,0.883696962286234,0.782,0.130434782608696,0.779753867520544,0.735,0.130434782608696
"LQH",6,2,0.8096812749004,0.774,0.55,0.717928902627511,0.811,0.4375
"LQH",6,3,0.968700475435819,0.854,0,0.926393812439574,0.857,0
"LQH",6,4,0.912459140219048,0.87,0.032258064516129,0.872932862190812,0.788,0
"LQH",8,1,0.880779778853039,0.763,0.130434782608696,0.777130511940124,0.737,0.130434782608696
"LQH",8,2,0.814322709163345,0.737,0.55,0.726139876352395,0.739,0.4375
"LQH",8,3,0.967388928356741,0.841,0,0.923364485981309,0.796,0
"LQH",8,4,0.912381001992527,0.909,0.032258064516129,0.872909305064784,0.821,0
"LQHP",0.5,1,0.893915838384544,0.674,0.130434782608696,0.784344739786274,0.649,0.130434782608696
"LQHP",0.5,2,0.817669322709163,0.586,0.6,0.720875193199381,0.591,0.5
"LQHP",0.5,3,0.95885021039401,0.88,0.0344827586206897,0.904930712213985,0.878,0.0344827586206897
"LQHP",0.5,4,0.903147668225089,0.766,0.0967741935483871,0.862803297997644,0.739,0.0666666666666667
"LQHP",1,1,0.892518385242895,0.722,0.130434782608696,0.786698044056943,0.726,0.130434782608696
"LQHP",1,2,0.811533864541834,0.718,0.6,0.72073029366306,0.695,0.5
"LQHP",1,3,0.966323296354993,0.912,0,0.921108604576217,0.908,0
"LQHP",1,4,0.909906624819304,0.82,0.0967741935483871,0.868527679623086,0.764,0.0666666666666667
"LQHP",1.5,1,0.891068527608433,0.762,0.130434782608696,0.787238146676441,0.771,0.130434782608696
"LQHP",1.5,2,0.811075697211155,0.67,0.65,0.721164992272025,0.661,0.5625
"LQHP",1.5,3,0.968714137384558,0.963,0,0.926458266194007,0.964,0
"LQHP",1.5,4,0.913631213616885,0.858,0.0967741935483871,0.872979976442874,0.789,0.0666666666666667
"LQHP",2,1,0.889321711181373,0.635,0.130434782608696,0.785347787508197,0.631,0.130434782608696
"LQHP",2,2,0.810717131474103,0.647,0.65,0.71961939721793,0.654,0.5625
"LQHP",2,3,0.969848079130009,0.934,0,0.929036416371257,0.932,0
"LQHP",2,4,0.915454438902418,0.856,0.0645161290322581,0.87547703180212,0.814,0.0333333333333333
"LQHP",2.5,1,0.888029067025348,0.717,0.130434782608696,0.783534585857028,0.719,0.130434782608696
"LQHP",2.5,2,0.810478087649402,0.656,0.65,0.717301004636785,0.683,0.5625
"LQHP",2.5,3,0.970544838515767,0.879,0,0.930712213986464,0.879,0
"LQHP",2.5,4,0.914581895372913,0.844,0.032258064516129,0.87432273262662,0.778,0
"LQHP",3,1,0.887295404125982,0.827,0.130434782608696,0.78245438061803,0.793,0.130434782608696
"LQHP",3,2,0.810796812749004,0.665,0.7,0.716721406491498,0.695,0.625
"LQHP",3,3,0.971118640362861,0.854,0,0.932033515952306,0.869,0
"LQHP",3,4,0.913631213616885,0.856,0.032258064516129,0.873427561837457,0.788,0
"LQHP",3.5,1,0.887662235575664,0.926,0.130434782608696,0.783457428339955,0.896,0.130434782608696
"LQHP",3.5,2,0.810398406374501,0.733,0.7,0.716528207109737,0.771,0.625
"LQHP",3.5,3,0.972211596262092,0.851,0,0.934579439252338,0.845,0
"LQHP",3.5,4,0.91277169312514,0.829,0.032258064516129,0.872838633686693,0.764,0
"LQHP",4,1,0.888081471518158,0.94,0.130434782608696,0.784229003510668,0.933,0.130434782608696
"LQHP",4,2,0.810019920318726,0.771,0.7,0.71594860896445,0.8,0.625
"LQHP",4,3,0.972457511339416,0.928,0,0.935127296165,0.939,0
"LQHP",4,4,0.912029379973171,0.859,0.032258064516129,0.87239104829211,0.773,0
"LQHP",5,1,0.887452617604417,0.891,0.130434782608696,0.782300065583891,0.826,0.130434782608696
"LQHP",5,2,0.81113545816733,0.768,0.6,0.717445904173108,0.816,0.5
"LQHP",5,3,0.971952019236023,0.932,0,0.933967128585242,0.938,0
"LQHP",5,4,0.91191217263339,0.888,0.032258064516129,0.872508833922258,0.848,0
"LQHP",6,1,0.886561741226614,0.849,0.130434782608696,0.781026966552216,0.752,0.130434782608696
"LQHP",6,2,0.813984063745021,0.766,0.6,0.722372488408038,0.803,0.5
"LQHP",6,3,0.971350893491447,0.932,0,0.932549145987753,0.924,0
"LQHP",6,4,0.911677757953821,0.904,0.032258064516129,0.872532391048292,0.867,0
"LQHP",8,1,0.883749366779045,0.839,0.130434782608696,0.777014775664517,0.687,0.130434782608696
"LQHP",8,2,0.819342629482073,0.783,0.55,0.731984157650696,0.778,0.4375
"LQHP",8,3,0.970462866823324,0.96,0,0.930422172091525,0.946,0
"LQHP",8,4,0.912120541237452,0.925,0.032258064516129,0.873427561837457,0.865,0
