"variant","rule","change","fc","rm","n_presences","n_background","n_coef","cbi","auc","sel_within_se","rho_domain","rho_belt","arp_weighted","arp_maxsss","arp_p10","rw_change_pct","beyond_plateau"
"primary","fixed","primary","LQHP",4,103,10000,13,0.8745,0.895647070787368,TRUE,1,1,15159039.7508539,10924050.6270419,27291320.4220297,0,FALSE
"primary","tuned","primary","LQHP",8,103,10000,7,0.87675,0.896418851080474,TRUE,0.993288569684741,0.989456247085219,16197469.8732627,12342161.3234926,29761248.5449054,6.85023681892678,FALSE
"lst_dry","fixed","lst_night_dry for lst_night","LQHP",4,103,10000,11,0.703,0.90262020558916,TRUE,0.994631660675176,0.987187080157834,15309749.5146066,11049036.0641807,26943907.7804131,0.994190702245423,FALSE
"lst_dry","tuned","lst_night_dry for lst_night","LQH",3.5,103,10000,13,0.785,0.902415860222407,TRUE,0.992441393725721,0.977789993906529,15899850.3769059,11521748.0137026,27372010.3120122,4.88692317077848,FALSE
"lst_wet","fixed","lst_night_wet for lst_night","LQHP",4,103,10000,12,0.74075,0.85471445967096,FALSE,0.923145304646875,0.868387567676783,15951130.9923979,15632969.8037043,35764027.9187558,5.22520723319122,FALSE
"lst_wet","tuned","lst_night_wet for lst_night","LQHP",8,103,10000,8,0.865,0.85592350990945,FALSE,0.914645030470111,0.815454258207646,16126222.2364451,12365576.7434507,36804001.6949864,6.38023582949363,FALSE
"ndvi_for_rain","fixed","ndvi for rainfall, r = 0.94","LQHP",4,103,10000,13,0.8145,0.893179128455398,TRUE,0.952847571301205,0.945753698624587,19134631.153366,29712039.7842521,28536620.1541903,26.2258788673483,TRUE
"ndvi_for_rain","tuned","ndvi for rainfall, r = 0.94","LQH",4,103,10000,10,0.83375,0.889781784952047,TRUE,0.950908893350626,0.9547614993126,19053073.2083744,20558125.9303169,28723798.0075145,25.6878636214483,TRUE
"plus_lst_day","fixed","+ lst_day (strongest with lst_night, r = 0.67)","LQHP",4,103,10000,12,0.8835,0.895724482289349,TRUE,0.984295793827323,0.963772203074093,11206331.4864243,9863894.99166227,34767703.1751996,-26.0749251231887,TRUE
"plus_lst_day","tuned","+ lst_day (strongest with lst_night, r = 0.67)","LQH",4,103,10000,13,0.88975,0.894270964587069,TRUE,0.979516316168413,0.933236292833615,12447516.127568,12701122.0241485,29952938.7343603,-17.8871727223561,TRUE
"plus_treecover","fixed","+ treecover (strongest with rainfall, r = 0.62)","LQHP",4,103,10000,16,0.85925,0.900912050723416,FALSE,0.996266551522428,0.982833154798066,14911293.5046541,11115355.5153733,28078969.8595589,-1.63431358629333,FALSE
"plus_treecover","tuned","+ treecover (strongest with rainfall, r = 0.62)","LQ",8,103,10000,7,0.926,0.892326716858856,FALSE,0.964152891751072,0.965738119651032,16180153.2641588,12204847.2448717,34995282.2945857,6.73600392958489,FALSE
"plus_elevation","fixed","+ elevation (strongest with lst_night, r = -0.42)","LQHP",4,103,10000,13,0.8305,0.900043687486238,FALSE,0.944270862259676,0.855790625683573,11909870.267931,10075229.0258167,29458556.7175393,-21.4338740205488,TRUE
"plus_elevation","tuned","+ elevation (strongest with lst_night, r = -0.42)","LQHP",8,103,10000,9,0.8695,0.90098118948668,FALSE,0.946569213770986,0.870378799654119,13631888.9975096,10950777.1331375,28083576.9113155,-10.0741918910678,TRUE
"minus_river","fixed","- river_dist","LQHP",4,103,10000,8,0.86525,0.896906097299135,TRUE,0.999567845305224,0.99888371830877,15304116.7029871,10767747.9868397,26852100.061566,0.957032599146102,FALSE
"minus_river","tuned","- river_dist","LQHP",5,103,10000,9,0.87875,0.897006669124441,TRUE,0.999079591489669,0.998251479976783,15587766.6984822,13667789.6394485,27643867.4709078,2.82819330692858,FALSE
