coordinate_id,source,longitude,latitude,year,presence_type,georef_method,source_detail,location_name,state,locality,case_count,reference,notes
1,Pigott_et_al_2014_Dryad,36.049,13.964,2000,vl_case,published_coord,literature,,,,,10.1038/sdata.2014.36,
2,Pigott_et_al_2014_Dryad,36.13,13.65,2000,vl_case,published_coord,literature,,,,,10.1038/sdata.2014.36,
3,Pigott_et_al_2014_Dryad,35.417175,13.851414,2000,vl_case,published_coord,literature,,,,,10.1038/sdata.2014.36,
4,Pigott_et_al_2014_Dryad,32.532,15.548,2001,vl_case,published_coord,literature,,,,,10.1038/sdata.2014.36,
5,Pigott_et_al_2014_Dryad,32.61,15.5,2001,vl_case,published_coord,literature,,,,,10.1038/sdata.2014.36,
6,Pigott_et_al_2014_Dryad,33.51,14.46,2001,vl_case,published_coord,literature,,,,,10.1038/sdata.2014.36,
7,Pigott_et_al_2014_Dryad,35.4,14.03,2001,vl_case,published_coord,literature,,,,,10.1038/sdata.2014.36,
8,Pigott_et_al_2014_Dryad,32.476,15.645,2001,vl_case,published_coord,literature,,,,,10.1038/sdata.2014.36,
9,Pigott_et_al_2014_Dryad,35.417175,13.851414,2001,vl_case,published_coord,literature,,,,,10.1038/sdata.2014.36,
10,Pigott_et_al_2014_Dryad,33.93,13.15,2002,vl_case,published_coord,literature,,,,,10.1038/sdata.2014.36,
11,Pigott_et_al_2014_Dryad,35.4,14.03,2002,vl_case,published_coord,literature,,,,,10.1038/sdata.2014.36,
12,Pigott_et_al_2014_Dryad,33.63,13.55,2002,vl_case,published_coord,literature,,,,,10.1038/sdata.2014.36,
13,Pigott_et_al_2014_Dryad,33.51,14.46,2002,vl_case,published_coord,literature,,,,,10.1038/sdata.2014.36,
14,Pigott_et_al_2014_Dryad,35.384789,14.039674,2003,vl_case,polygon_centroid,literature,,,,,10.1038/sdata.2014.36,
15,Pigott_et_al_2014_Dryad,32.53,15.58,2003,vl_case,published_coord,literature,,,,,10.1038/sdata.2014.36,
16,Pigott_et_al_2014_Dryad,35.4,14.03,2003,vl_case,published_coord,literature,,,,,10.1038/sdata.2014.36,
17,Pigott_et_al_2014_Dryad,35.368652,13.859414,2004,vl_case,published_coord,literature,,,,,10.1038/sdata.2014.36,
18,Pigott_et_al_2014_Dryad,35.382042,14.037342,2004,vl_case,polygon_centroid,literature,,,,,10.1038/sdata.2014.36,
19,Pigott_et_al_2014_Dryad,35.747681,13.544541,2004,vl_case,published_coord,literature,,,,,10.1038/sdata.2014.36,
20,Pigott_et_al_2014_Dryad,35.4,14.01,2004,vl_case,published_coord,literature,,,,,10.1038/sdata.2014.36,
21,Pigott_et_al_2014_Dryad,35.368652,13.859414,2005,vl_case,published_coord,literature,,,,,10.1038/sdata.2014.36,
22,Pigott_et_al_2014_Dryad,36.154175,13.613956,2005,vl_case,published_coord,literature,,,,,10.1038/sdata.2014.36,
23,Pigott_et_al_2014_Dryad,35.382042,14.037342,2005,vl_case,polygon_centroid,literature,,,,,10.1038/sdata.2014.36,
24,Pigott_et_al_2014_Dryad,35.747681,13.544541,2005,vl_case,published_coord,literature,,,,,10.1038/sdata.2014.36,
25,Pigott_et_al_2014_Dryad,35.368652,13.859414,2006,vl_case,published_coord,literature,,,,,10.1038/sdata.2014.36,
26,Pigott_et_al_2014_Dryad,36.121216,13.581921,2006,vl_case,published_coord,literature,,,,,10.1038/sdata.2014.36,
27,Pigott_et_al_2014_Dryad,35.747681,13.512497,2006,vl_case,published_coord,literature,,,,,10.1038/sdata.2014.36,
28,Pigott_et_al_2014_Dryad,36.1574,12.9545,2007,vl_case,published_coord,literature,,,,,10.1038/sdata.2014.36,
29,Pigott_et_al_2014_Dryad,33.5675,13.5671,2007,vl_case,published_coord,GenBank,,,,,10.1038/sdata.2014.36,
30,Pigott_et_al_2014_Dryad,36.1574,12.9545,2008,vl_case,published_coord,literature,,,,,10.1038/sdata.2014.36,
31,Pigott_et_al_2014_Dryad,36.1574,12.9545,2009,vl_case,published_coord,literature,,,,,10.1038/sdata.2014.36,
32,Pigott_et_al_2014_Dryad,32.4833,12.15,2010,vl_case,published_coord,literature,,,,,10.1038/sdata.2014.36,
33,Pigott_et_al_2014_Dryad,25.34936,13.62793,2012,vl_case,published_coord,HealthMap,,,,,10.1038/sdata.2014.36,
34,Mueller_et_al_2012_Fig2,36.03361,13.99488,2011,vl_case,digitized_map,,,Gedaref,Al-Gureisha,,10.1371/journal.pntd.0001872,
35,Mueller_et_al_2012_Fig2,36.05533,13.97169,2011,vl_case,digitized_map,,,Gedaref,Al-Gureisha,,10.1371/journal.pntd.0001872,
36,Mueller_et_al_2012_Fig2,36.05722,13.95817,2011,vl_case,digitized_map,,,Gedaref,Al-Gureisha,,10.1371/journal.pntd.0001872,
37,Mueller_et_al_2012_Fig2,36.05911,13.93788,2011,vl_case,digitized_map,,,Gedaref,Al-Gureisha,,10.1371/journal.pntd.0001872,
38,Mueller_et_al_2012_Fig2,36.09312,13.87508,2011,vl_case,digitized_map,,,Gedaref,Al-Gureisha,,10.1371/journal.pntd.0001872,
39,Mueller_et_al_2012_Fig2,36.0969,13.87991,2011,vl_case,digitized_map,,,Gedaref,Al-Gureisha,,10.1371/journal.pntd.0001872,
40,Mueller_et_al_2012_Fig2,36.10351,13.87991,2011,vl_case,digitized_map,,,Gedaref,Al-Gureisha,,10.1371/journal.pntd.0001872,
41,Mueller_et_al_2012_Fig2,36.11107,13.85865,2011,vl_case,digitized_map,,,Gedaref,Al-Gureisha,,10.1371/journal.pntd.0001872,
42,Mueller_et_al_2012_Fig2,36.10256,13.85672,2011,vl_case,digitized_map,,,Gedaref,Al-Gureisha,,10.1371/journal.pntd.0001872,
43,Mueller_et_al_2012_Fig2,36.12996,13.8258,2011,vl_case,digitized_map,,,Gedaref,Al-Gureisha,,10.1371/journal.pntd.0001872,
44,Mueller_et_al_2012_Fig2,36.16774,13.79006,2011,vl_case,digitized_map,,,Gedaref,Al-Gureisha,,10.1371/journal.pntd.0001872,
45,Mueller_et_al_2012_Fig2,36.19419,13.76687,2011,vl_case,digitized_map,,,Gedaref,Al-Gureisha,,10.1371/journal.pntd.0001872,
46,Mueller_et_al_2012_Fig2,36.22442,13.71663,2011,vl_case,digitized_map,,,Gedaref,Al-Gureisha,,10.1371/journal.pntd.0001872,
47,Mueller_et_al_2012_Fig2,36.09406,13.74078,2011,vl_case,digitized_map,,,Gedaref,Al-Gureisha,,10.1371/journal.pntd.0001872,
48,Mueller_et_al_2012_Fig2,36.24615,13.68474,2011,vl_case,digitized_map,,,Gedaref,Al-Gureisha,,10.1371/journal.pntd.0001872,
49,Mueller_et_al_2012_Fig2,36.26882,13.66639,2011,vl_case,digitized_map,,,Gedaref,Al-Gureisha,,10.1371/journal.pntd.0001872,
50,Mueller_et_al_2012_Fig2,36.29905,13.63354,2011,vl_case,digitized_map,,,Gedaref,Al-Gureisha,,10.1371/journal.pntd.0001872,
51,Mueller_et_al_2012_Fig2,36.28204,13.61615,2011,vl_case,digitized_map,,,Gedaref,Al-Gureisha,,10.1371/journal.pntd.0001872,
52,Mueller_et_al_2012_Fig2,36.29338,13.60648,2011,vl_case,digitized_map,,,Gedaref,Al-Gureisha,,10.1371/journal.pntd.0001872,
53,Mueller_et_al_2012_Fig2,36.30472,13.5804,2011,vl_case,digitized_map,,,Gedaref,Al-Gureisha,,10.1371/journal.pntd.0001872,
54,Mueller_et_al_2012_Fig2,36.2811,13.54755,2011,vl_case,digitized_map,,,Gedaref,Al-Gureisha,,10.1371/journal.pntd.0001872,
55,Mueller_et_al_2012_Fig2,36.25748,13.52726,2011,vl_case,digitized_map,,,Gedaref,Al-Gureisha,,10.1371/journal.pntd.0001872,
56,Mueller_et_al_2012_Fig2,36.22064,13.52726,2011,vl_case,digitized_map,,,Gedaref,Al-Gureisha,,10.1371/journal.pntd.0001872,
57,Mueller_et_al_2012_Fig2,36.1583,13.48475,2011,vl_case,digitized_map,,,Gedaref,Al-Gureisha,,10.1371/journal.pntd.0001872,
58,Mueller_et_al_2012_Fig2,36.17152,13.50117,2011,vl_case,digitized_map,,,Gedaref,Al-Gureisha,,10.1371/journal.pntd.0001872,
59,Mueller_et_al_2012_Fig2,36.1668,13.55334,2011,vl_case,digitized_map,,,Gedaref,Al-Gureisha,,10.1371/journal.pntd.0001872,
60,Mueller_et_al_2012_Fig2,36.19514,13.59199,2011,vl_case,digitized_map,,,Gedaref,Al-Gureisha,,10.1371/journal.pntd.0001872,
61,Mueller_et_al_2012_Fig2,36.13752,13.63064,2011,vl_case,digitized_map,,,Gedaref,Al-Gureisha,,10.1371/journal.pntd.0001872,
62,Mueller_et_al_2012_Fig2,36.13657,13.64803,2011,vl_case,digitized_map,,,Gedaref,Al-Gureisha,,10.1371/journal.pntd.0001872,
63,Mueller_et_al_2012_Fig2,35.93725,13.61808,2011,vl_case,digitized_map,,,Gedaref,Al-Gureisha,,10.1371/journal.pntd.0001872,
64,Mueller_et_al_2012_Fig2,35.93064,13.71566,2011,vl_case,digitized_map,,,Gedaref,Al-Gureisha,,10.1371/journal.pntd.0001872,
65,Mueller_et_al_2012_Fig2,35.93725,13.75817,2011,vl_case,digitized_map,,,Gedaref,Al-Gureisha,,10.1371/journal.pntd.0001872,
66,Mueller_et_al_2012_Fig2,35.94576,13.763,2011,vl_case,digitized_map,,,Gedaref,Al-Gureisha,,10.1371/journal.pntd.0001872,
67,Mueller_et_al_2012,36.0919,13.6238,2011,vl_case,geocoded_name,,Tabarak Allah,Gedaref,Al-Gureisha,,10.1371/journal.pntd.0001872,reference point for fig 2 digitization; confirmed as study village from map
68,IFRC_DREF_MDRSD031_2022,35.2264,12.8313,2022,facility_report,geocoded_name,,Bandigaw,Gedaref,Al Rahd,,MDRSD031,Found on geonames as Bandighew
69,IFRC_DREF_MDRSD031_2022,34.63850236,13.42796295,2022,facility_report,geocoded_name,,Alhawata,Gedaref,Al Rahd,,MDRSD031,El Hawata on Google Maps/GeoNames. Hospital coords
70,IFRC_DREF_MDRSD031_2022,36.08490968,13.62603662,2022,facility_report,geocoded_name,,Tabarkallah,Gedaref,Al-Gureisha,,MDRSD031,Hospital coords
71,IFRC_DREF_MDRSD031_2022,35.74103895,13.511581,2022,facility_report,geocoded_name,,Doka,Gedaref,Al Galabat,,MDRSD031,Hospital coords
72,IFRC_DREF_MDRSD031_2022,35.85408325,12.99704695,2022,facility_report,geocoded_name,,Basunda,Gedaref,,,MDRSD031,Hospital coords
73,IFRC_DREF_MDRSD031_2022,33.54144831,14.14818026,2022,facility_report,geocoded_name,,Um alkhir,Gedaref,,,MDRSD031,"town coords, named Umm Al-Khair on GM"
74,IFRC_DREF_MDRSD031_2022,35.42846209,13.832493,2022,facility_report,geocoded_name,,Kassab,Gedaref,Al Galabat Al Gharbyah - Kassab,,MDRSD031,Hospital coords
75,IFRC_DREF_MDRSD031_2022,35.36916927,14.05933487,2022,facility_report,geocoded_name,,Obstetrical hospital,Gedaref,,,MDRSD031,Hospital coords
76,IFRC_DREF_MDRSD031_2022,35.38788452,14.0395699,2022,facility_report,geocoded_name,,Gadaref hospital,Gedaref,,,MDRSD031,Hospital coords
77,Adam_et_al_2014,35.42846209,13.832493,2013,facility_report,geocoded_name,,Kassab Hospital,,,,10.5144/0256-4947.2014.143,
78,Elnoor_et_al_2024,32.49389054,15.64233691,2020,facility_report,geocoded_name,,Tropical Disease Teaching Hospital ,Omdurman,,,10.12998/wjcc.v12.i30.6374,
79,Hassan_et_al_2008,35.4833,12.6025,2005,vector_pos,published_coord,,Dinder National Park,,,,10.1179/136485908X311803,
80,Jibreel_et_al_2023,36.1347,13.6516,2015,vector_pos,published_coord,,Berber-Alfugara,,,,10.1111/mve.12683,
81,Jibreel_et_al_2023,35.1511,12.8799,2020,vector_pos,published_coord,,Helat-Belo,,,,10.1111/mve.12683,
82,Khogali_et_al_2024,35.1511,12.8799,2018,vector_pos,published_coord,,Helat-Belo,,,,10.3390/tropicalmed9020040,
83,Mohammed_et_al_2018,26.2503,15.228,2013,vector_pos,published_coord,,Al-Malha,,,,10.1186/s13071-018-2746-3,
84,Mohammed_et_al_2018,26.2503,15.228,2016,facility_report,geocoded_name,,Al-Malha,,,,10.1186/s13071-018-2746-3,Using town coords for hospital
85,Mansour_et_al_2007,35.74103895,13.511581,2006,facility_report,geocoded_name,,Doka Hospital,Gedaref,Al Galabat,,10.1128/CVI.00313-07,
86,radio_dabanga_pr_2013,25.3101764,13.48865821,2013,vl_case,geocoded_name,,Zam Zam Refugee Camp,North Darfur,Al Fasher,2000,https://reliefweb.int/report/sudan/2000-infected-kala-azar-north-darfur,High confidence
87,Hamid_et_al_2025,24.87728825,12.05706289,2022,facility_report,geocoded_name,,Nyala Teaching Hospital,South Darfur,,,https://hal.science/hal-05431899,
88,Mohamed_et_al_2019,35.12329,14.05328,2014,vl_case,published_coord,,Abukishma,Gedaref,,,10.1186/s13104-019-4608-2,
89,Mohamed_et_al_2019,35.00059,14.01715,2014,vl_case,published_coord,,Tirfa,Gedaref,,,10.1186/s13104-019-4608-2,
90,Mohamed_et_al_2019,35.00466,14.02141,2014,vl_case,published_coord,,Algadamblia Aljabal,Gedaref,,,10.1186/s13104-019-4608-2,
91,Mohamed_et_al_2019,35.30479,13.9785,2014,vl_case,published_coord,,Abualnaja,Gedaref,,,10.1186/s13104-019-4608-2,
92,radio_dabanga_pr_2015,25.3101764,13.48865821,2015,vl_case,geocoded_name,,Zam Zam Refugee Camp,North Darfur,,,https://reliefweb.int/report/sudan/kala-azar-rise-among-north-darfur-displaced,
93,sudan_tribune_293846_2024,34.93114201,13.62225011,2024,vl_case,polygon_centroid,,Qala en Nahl,Gedaref,,,https://sudantribune.com/article/293846,
94,radio_dabanga_pr_2014,30.7903815,12.14403013,2014,vl_case,polygon_centroid,,Abu Karshola,South Kordofan,,,https://reliefweb.int/report/sudan/outbreak-kala-azar-sudan-s-south-kordofan,
95,Widaa_et_al_2012,32.5,13.4,2011,vector_pos,published_coord,,Kadaba,White Nile,,,10.1590/s0074-02762012000400005,
96,Sharief_et_al_2019,27.72992493,11.03020054,2003,vl_case,published_coord,,Muglad and Babnousa,South Kordofan,,,https://www.biolscigroup.us/abstracts/ASB-2-103,Guessing between 2004-2007
97,Hassan_et_al_2009,35.14426792,12.89855849,2002,vector_pos,geocoded_name,,Um Kura'a,,,,10.1186/1756-3305-2-26,Used one of cluster of village
98,elnaiem_et_al_2003_fig1,35.46397,13.85924,2001,vl_case,digitized_map,,,,,,10.26719/2003.9.4.827,
99,elnaiem_et_al_2003_fig1,35.39755,13.85632,2001,vl_case,digitized_map,,,,,,10.26719/2003.9.4.827,
100,elnaiem_et_al_2003_fig1,35.44335,13.79193,2001,vl_case,digitized_map,,,,,,10.26719/2003.9.4.827,
101,elnaiem_et_al_2003_fig1,35.81898,13.7217,2001,vl_case,digitized_map,,,,,,10.26719/2003.9.4.827,
102,elnaiem_et_al_2003_fig1,35.92892,13.58708,2001,vl_case,digitized_map,,,,,,10.26719/2003.9.4.827,
103,elnaiem_et_al_2003_fig1,36.10527,13.50514,2001,vl_case,digitized_map,,,,,,10.26719/2003.9.4.827,
104,elnaiem_et_al_2003_fig1,36.1465,13.53441,2001,vl_case,digitized_map,,,,,,10.26719/2003.9.4.827,
105,elnaiem_et_al_2003_fig1,35.05857,12.98131,2001,vl_case,digitized_map,,,,,,10.26719/2003.9.4.827,
106,elnaiem_et_al_2003_fig1,34.99215,13.03106,2001,vl_case,digitized_map,,,,,,10.26719/2003.9.4.827,
107,elnaiem_et_al_2003_fig1,34.95321,13.07496,2001,vl_case,digitized_map,,,,,,10.26719/2003.9.4.827,
108,elnaiem_et_al_2003_fig1,35.22348,12.8145,2001,vl_case,digitized_map,,,,,,10.26719/2003.9.4.827,
109,gerstl_et_al_2006_fig1,35.9508,12.87508,2003,vl_case,digitized_map,,,,,,10.1111/j.1365-3156.2005.01550.x,
110,gerstl_et_al_2006_fig1,35.94256,13.16219,2004,vl_case,digitized_map,,,,,,10.1111/j.1365-3156.2005.01550.x,
111,gerstl_et_al_2006_fig1,36.16317,13.63419,2005,vl_case,digitized_map,,,,,,10.1111/j.1365-3156.2005.01550.x,
112,gerstl_et_al_2006_fig1,36.17761,13.80385,2006,vl_case,digitized_map,,,,,,10.1111/j.1365-3156.2005.01550.x,
113,gerstl_et_al_2006_fig1,35.20442,13.77775,2007,vl_case,digitized_map,,,,,,10.1111/j.1365-3156.2005.01550.x,
114,gerstl_et_al_2006_fig1,34.64565,13.49933,2008,vl_case,digitized_map,,,,,,10.1111/j.1365-3156.2005.01550.x,
115,gerstl_et_al_2006_fig1,34.80648,13.22962,2009,vl_case,digitized_map,,,,,,10.1111/j.1365-3156.2005.01550.x,
116,gerstl_et_al_2006_fig1,35.34668,13.3536,2010,vl_case,digitized_map,,,,,,10.1111/j.1365-3156.2005.01550.x,
117,gerstl_et_al_2006_fig1,35.31575,12.85333,2011,vl_case,digitized_map,,,,,,10.1111/j.1365-3156.2005.01550.x,
118,hassan_et_al_2020_fig1,36.02643,13.67571,2013,vector_pos,digitized_map,,,,,,10.3923/pjbs.2020.45.54,
119,hassan_et_al_2020_fig2,34.95673,13.0371,2013,vector_pos,digitized_map,,,,,,10.3923/pjbs.2020.45.54,
120,hassan_et_al_2020_fig3,32.08722,14.63362,2013,vector_pos,digitized_map,,,,,,10.3923/pjbs.2020.45.54,
121,hassan_et_al_2020_fig4,32.54,15.89459,2013,vector_pos,digitized_map,,,,,,10.3923/pjbs.2020.45.54,
122,vandebogaart_et_al_2013_fig1,35.39089,14.08516,2010,facility_report,digitized_map,,,,,,10.1186/1471-2458-13-332,
123,vandebogaart_et_al_2013_fig2,35.43786,13.84901,2010,facility_report,digitized_map,,,,,,10.1186/1471-2458-13-332,
124,vandebogaart_et_al_2013_fig3,36.19726,13.51343,2010,facility_report,digitized_map,,,,,,10.1186/1471-2458-13-332,
125,vandebogaart_et_al_2013_fig4,34.3105,13.06599,2010,facility_report,digitized_map,,,,,,10.1186/1471-2458-13-332,
126,vandebogaart_et_al_2013_fig5,33.87209,12.99142,2010,facility_report,digitized_map,,,,,,10.1186/1471-2458-13-332,